market,generator,candidate_pool,G,agg,agg_label,n_seeds,total_mean,total_std,sharpe_mean,sharpe_std,turnover_mean,source_dir
CSI500,Diffusion,Meta,8,pred_utility,Pred-Utility,20,0.4038596003408701,0.2325432425382696,0.9343545955217584,0.5561590767224225,0.7952768956783716,results/CSI500/strict_fixed_oos_diff_stability_meta_seeds/
CSI500,Diffusion,Meta,8,mean,Mean,20,0.5084735114927847,0.0602099797117762,2.2591907027025746,0.2641738337741047,0.5109963222328368,results/CSI500/strict_fixed_oos_diff_stability_meta_seeds/
CSI500,Diffusion,Meta,8,topk,Top-k,20,0.3825644438811313,0.1109522824997229,1.2863789699549657,0.3769182795372101,0.6609287837244991,results/CSI500/strict_fixed_oos_diff_stability_meta_seeds/
CSI500,Diffusion,Meta,8,softmax,Softmax,20,0.5085720653230485,0.0601517659370258,2.2587142088504235,0.2639554635723853,0.5109634894994151,results/CSI500/strict_fixed_oos_diff_stability_meta_seeds/
CSI500,Diffusion,Meta,32,pred_utility,Pred-Utility,20,0.7319229352936862,0.2903467140185496,1.4625777845752557,0.5755089646480671,0.6422616915901254,results/CSI500/strict_fixed_oos_diff_stability_meta_seeds/
CSI500,Diffusion,Meta,32,mean,Mean,20,0.5300258710920743,0.0344647617340566,2.392236581621826,0.1435038861625977,0.3158063689287736,results/CSI500/strict_fixed_oos_diff_stability_meta_seeds/
CSI500,Diffusion,Meta,32,topk,Top-k,20,0.6201796570929459,0.1842495369244991,1.6900062936248303,0.503165151951112,0.5899410311836746,results/CSI500/strict_fixed_oos_diff_stability_meta_seeds/
CSI500,Diffusion,Meta,32,softmax,Softmax,20,0.5302048695462773,0.0345004789142797,2.3921458545921226,0.1437190934771977,0.3157670168748662,results/CSI500/strict_fixed_oos_diff_stability_meta_seeds/
CSI500,Diffusion,Meta,64,pred_utility,Pred-Utility,20,0.7498721382191168,0.2797723017593557,1.391726281787098,0.5129751144711288,0.518117424439519,results/CSI500/strict_fixed_oos_diff_stability_meta_seeds/
CSI500,Diffusion,Meta,64,mean,Mean,20,0.5408707533992821,0.0278484601601782,2.4479045865012354,0.1204127435584657,0.2400314247549914,results/CSI500/strict_fixed_oos_diff_stability_meta_seeds/
CSI500,Diffusion,Meta,64,topk,Top-k,20,0.753415956861647,0.1204706105994637,1.7774061284188094,0.3111028000527133,0.5180796457755242,results/CSI500/strict_fixed_oos_diff_stability_meta_seeds/
CSI500,Diffusion,Meta,64,softmax,Softmax,20,0.5411098758467584,0.0278599519538854,2.448056275804988,0.1204945027595653,0.2400047127105392,results/CSI500/strict_fixed_oos_diff_stability_meta_seeds/
CSI500,Diffusion,Meta,128,pred_utility,Pred-Utility,20,0.8828268004408194,0.2280610987516974,1.4871919566840703,0.364111800196217,0.3811025277678272,results/CSI500/strict_fixed_oos_diff_stability_meta_seeds/
CSI500,Diffusion,Meta,128,mean,Mean,20,0.5510337311474768,0.0238393135090974,2.49849360135667,0.1094003779127039,0.1863597740569182,results/CSI500/strict_fixed_oos_diff_stability_meta_seeds/
CSI500,Diffusion,Meta,128,topk,Top-k,20,0.7984273601624672,0.1721865155483532,1.6129083327232536,0.3511795361720027,0.4244115821022488,results/CSI500/strict_fixed_oos_diff_stability_meta_seeds/
CSI500,Diffusion,Meta,128,softmax,Softmax,20,0.5512785912917735,0.0238771885241203,2.4986439150201947,0.109541015085387,0.1863370518408921,results/CSI500/strict_fixed_oos_diff_stability_meta_seeds/
CSI500,FM,Meta,8,pred_utility,Pred-Utility,20,0.1772357574419709,0.0717728331992433,0.5523174779636509,0.2273071721446233,0.7126442051698406,results/CSI500/strict_fixed_oos_fm_stability_meta_seeds/
CSI500,FM,Meta,8,mean,Mean,20,0.4987481236179961,0.0216428070266625,2.379330516451476,0.100660488454424,0.3225284377006789,results/CSI500/strict_fixed_oos_fm_stability_meta_seeds/
CSI500,FM,Meta,8,topk,Top-k,20,0.3210665919605104,0.0433934379117185,1.3291616101510149,0.1702286294031354,0.4742479951606348,results/CSI500/strict_fixed_oos_fm_stability_meta_seeds/
CSI500,FM,Meta,8,softmax,Softmax,20,0.4985096484785331,0.0216372016534274,2.377990061504939,0.1006132316884355,0.3225271570166424,results/CSI500/strict_fixed_oos_fm_stability_meta_seeds/
CSI500,FM,Meta,32,pred_utility,Pred-Utility,20,0.2569922594502778,0.1026740262683638,0.7885948853063913,0.3177403957496879,0.6694637971093347,results/CSI500/strict_fixed_oos_fm_stability_meta_seeds/
CSI500,FM,Meta,32,mean,Mean,20,0.5183977990897983,0.0109772238452311,2.479539164476475,0.0536157426427143,0.1749570148249862,results/CSI500/strict_fixed_oos_fm_stability_meta_seeds/
CSI500,FM,Meta,32,topk,Top-k,20,0.3596575075280154,0.0455747213938213,1.436249339328413,0.1838657530526333,0.4547873794054792,results/CSI500/strict_fixed_oos_fm_stability_meta_seeds/
CSI500,FM,Meta,32,softmax,Softmax,20,0.518336349604448,0.0109785009841313,2.479167556912767,0.053619094059661,0.1749558695360773,results/CSI500/strict_fixed_oos_fm_stability_meta_seeds/
CSI500,FM,Meta,64,pred_utility,Pred-Utility,20,0.3194237606158618,0.1188452600201364,0.9768923715134084,0.3713603133134247,0.6451640196154385,results/CSI500/strict_fixed_oos_fm_stability_meta_seeds/
CSI500,FM,Meta,64,mean,Mean,20,0.5259160958273742,0.0087214936691754,2.5091741870859434,0.0434283028797733,0.134460660143703,results/CSI500/strict_fixed_oos_fm_stability_meta_seeds/
CSI500,FM,Meta,64,topk,Top-k,20,0.4097642073292205,0.049082453699078,1.6004612875792297,0.1966760200886211,0.4391124144141322,results/CSI500/strict_fixed_oos_fm_stability_meta_seeds/
CSI500,FM,Meta,64,softmax,Softmax,20,0.5258987138842733,0.0087200100796897,2.509012781472693,0.0434196628516317,0.1344597578178578,results/CSI500/strict_fixed_oos_fm_stability_meta_seeds/
CSI500,FM,Meta,128,pred_utility,Pred-Utility,20,0.3735323160202837,0.1131318925864209,1.1174977078980033,0.3404213547152179,0.6232830070474376,results/CSI500/strict_fixed_oos_fm_stability_meta_seeds/
CSI500,FM,Meta,128,mean,Mean,20,0.5256870503703415,0.0065259843731929,2.501612502440096,0.0289582029608724,0.1103310769327207,results/CSI500/strict_fixed_oos_fm_stability_meta_seeds/
CSI500,FM,Meta,128,topk,Top-k,20,0.4477806639376731,0.0818299874536185,1.6946962613339884,0.300422351547329,0.4262413439183534,results/CSI500/strict_fixed_oos_fm_stability_meta_seeds/
CSI500,FM,Meta,128,softmax,Softmax,20,0.5256949299117275,0.0065292760744221,2.501568200440291,0.0289701402900945,0.1103301962609294,results/CSI500/strict_fixed_oos_fm_stability_meta_seeds/
CSI500,SS-FM,Meta,8,pred_utility,Pred-Utility,20,0.366779797036683,0.1750768641565416,1.09120679362925,0.5136158147915318,0.7654782662479669,results/CSI500/strict_fixed_oos_ssfm_stability_meta_seeds/
CSI500,SS-FM,Meta,8,mean,Mean,20,0.5005274010023637,0.0498025939320606,2.369218193461457,0.2309393316906863,0.5070117098173632,results/CSI500/strict_fixed_oos_ssfm_stability_meta_seeds/
CSI500,SS-FM,Meta,8,topk,Top-k,20,0.3430478619267172,0.0901596143274219,1.3509360420075285,0.3360865439372075,0.5953417377245402,results/CSI500/strict_fixed_oos_ssfm_stability_meta_seeds/
CSI500,SS-FM,Meta,8,softmax,Softmax,20,0.5003005432926132,0.0498118542721146,2.367863132118848,0.2309412132176674,0.5069774067420573,results/CSI500/strict_fixed_oos_ssfm_stability_meta_seeds/
CSI500,SS-FM,Meta,32,pred_utility,Pred-Utility,20,0.4121388570794737,0.1831260804748485,1.1286632465388649,0.4835736417691436,0.7347108707292526,results/CSI500/strict_fixed_oos_ssfm_stability_meta_seeds/
CSI500,SS-FM,Meta,32,mean,Mean,20,0.5051315291081032,0.0268042201275328,2.4060002343846136,0.1323052299772098,0.4547253683816799,results/CSI500/strict_fixed_oos_ssfm_stability_meta_seeds/
CSI500,SS-FM,Meta,32,topk,Top-k,20,0.4258196496460556,0.080174892645484,1.4827827257340949,0.2663602472814176,0.6100210254562403,results/CSI500/strict_fixed_oos_ssfm_stability_meta_seeds/
CSI500,SS-FM,Meta,32,softmax,Softmax,20,0.5050817251325322,0.0267902016113095,2.405541506540517,0.1322564878034714,0.4546718402707896,results/CSI500/strict_fixed_oos_ssfm_stability_meta_seeds/
CSI500,SS-FM,Meta,64,pred_utility,Pred-Utility,20,0.466282046367666,0.1988185684420597,1.2077142324065444,0.4855711423122579,0.7050842986991037,results/CSI500/strict_fixed_oos_ssfm_stability_meta_seeds/
CSI500,SS-FM,Meta,64,mean,Mean,20,0.5107539548803618,0.0212766150677913,2.4294728216125185,0.1080392516446386,0.4458377674418757,results/CSI500/strict_fixed_oos_ssfm_stability_meta_seeds/
CSI500,SS-FM,Meta,64,topk,Top-k,20,0.4897456085023812,0.144449281834666,1.569828944393428,0.4366296077997963,0.602091690511534,results/CSI500/strict_fixed_oos_ssfm_stability_meta_seeds/
CSI500,SS-FM,Meta,64,softmax,Softmax,20,0.5107485132402938,0.021236935271012,2.429200712567432,0.1078443197001484,0.4457811021778339,results/CSI500/strict_fixed_oos_ssfm_stability_meta_seeds/
CSI500,SS-FM,Meta,128,pred_utility,Pred-Utility,20,0.4882211223098004,0.1454555120897344,1.2342535589839625,0.3531384126072895,0.6678613873222824,results/CSI500/strict_fixed_oos_ssfm_stability_meta_seeds/
CSI500,SS-FM,Meta,128,mean,Mean,20,0.510978569582942,0.014378695120416,2.428364287650888,0.0688788681042825,0.4393402304728862,results/CSI500/strict_fixed_oos_ssfm_stability_meta_seeds/
CSI500,SS-FM,Meta,128,topk,Top-k,20,0.5136296248798196,0.1104823906162723,1.556415385816695,0.3398184543213227,0.5858389539010462,results/CSI500/strict_fixed_oos_ssfm_stability_meta_seeds/
CSI500,SS-FM,Meta,128,softmax,Softmax,20,0.5109700720489155,0.0143605705476908,2.428088496342006,0.0687702175399062,0.4392836430844716,results/CSI500/strict_fixed_oos_ssfm_stability_meta_seeds/
CSI500,Diffusion,Pure,8,pred_utility,Pred-Utility,20,0.5731608948777269,0.2213811392944269,1.3957237914861689,0.5561792545676612,0.7852337304796714,results/CSI500/strict_fixed_oos_diff_stability_seeds/
CSI500,Diffusion,Pure,8,mean,Mean,20,0.5331178741882145,0.0827868325243763,2.2365628592768307,0.3430198534684039,0.5313640129455603,results/CSI500/strict_fixed_oos_diff_stability_seeds/
CSI500,Diffusion,Pure,8,topk,Top-k,20,0.5347580588791522,0.1235917565758546,1.8397078651243424,0.4281535937471832,0.6535703003518518,results/CSI500/strict_fixed_oos_diff_stability_seeds/
CSI500,Diffusion,Pure,8,softmax,Softmax,20,0.5335235831437142,0.0826963658471012,2.2371869461742704,0.3425837501473178,0.5313389309136365,results/CSI500/strict_fixed_oos_diff_stability_seeds/
CSI500,Diffusion,Pure,32,pred_utility,Pred-Utility,20,0.792560798083514,0.2977596837558756,1.6064414038732404,0.5859814538644957,0.6391195195092007,results/CSI500/strict_fixed_oos_diff_stability_seeds/
CSI500,Diffusion,Pure,32,mean,Mean,20,0.537246130528034,0.0377053047755887,2.3868423208612035,0.1549521052372309,0.3156790280899398,results/CSI500/strict_fixed_oos_diff_stability_seeds/
CSI500,Diffusion,Pure,32,topk,Top-k,20,0.6879128514397557,0.1862382850188147,1.9022765926060836,0.5216219017034754,0.5824766291637437,results/CSI500/strict_fixed_oos_diff_stability_seeds/
CSI500,Diffusion,Pure,32,softmax,Softmax,20,0.5375325378987914,0.0377411305304858,2.387134783073794,0.1551471188784667,0.3156458089302985,results/CSI500/strict_fixed_oos_diff_stability_seeds/
CSI500,Diffusion,Pure,64,pred_utility,Pred-Utility,20,0.8284659354734328,0.2692779361057856,1.545533362220529,0.4886379276286151,0.5153821537005605,results/CSI500/strict_fixed_oos_diff_stability_seeds/
CSI500,Diffusion,Pure,64,mean,Mean,20,0.5447603972683784,0.0291702665278335,2.445669627329109,0.1253922809941114,0.2395292689703441,results/CSI500/strict_fixed_oos_diff_stability_seeds/
CSI500,Diffusion,Pure,64,topk,Top-k,20,0.790176255298387,0.131823702773791,1.8738450114072784,0.3307677592233675,0.514104947766274,results/CSI500/strict_fixed_oos_diff_stability_seeds/
CSI500,Diffusion,Pure,64,softmax,Softmax,20,0.5450562428512136,0.0291815465173784,2.4460223225016136,0.1254705669136288,0.2395045660434621,results/CSI500/strict_fixed_oos_diff_stability_seeds/
CSI500,Diffusion,Pure,128,pred_utility,Pred-Utility,20,0.9017869626396704,0.2561375570298182,1.521034617271208,0.4037555332831852,0.3800508544611556,results/CSI500/strict_fixed_oos_diff_stability_seeds/
CSI500,Diffusion,Pure,128,mean,Mean,20,0.5530984399075847,0.0243980350470644,2.4974545988051315,0.1115948158677335,0.1864603992142243,results/CSI500/strict_fixed_oos_diff_stability_seeds/
CSI500,Diffusion,Pure,128,topk,Top-k,20,0.8303064036384651,0.1669754619383213,1.683329207843122,0.3366146038385021,0.4242204335409038,results/CSI500/strict_fixed_oos_diff_stability_seeds/
CSI500,Diffusion,Pure,128,softmax,Softmax,20,0.5533714194438383,0.0244362675658024,2.4977040799369923,0.1117352367738223,0.186438171322187,results/CSI500/strict_fixed_oos_diff_stability_seeds/
CSI500,FM,Pure,8,pred_utility,Pred-Utility,20,0.5065987594619653,0.0963931185775188,2.065245671253895,0.3784514059767129,0.4991576160673494,results/CSI500/strict_fixed_oos_fm_stability_seeds/
CSI500,FM,Pure,8,mean,Mean,20,0.522096160346664,0.0297410855574911,2.447888492680089,0.1338021789292717,0.2402384326032344,results/CSI500/strict_fixed_oos_fm_stability_seeds/
CSI500,FM,Pure,8,topk,Top-k,20,0.5145536138125291,0.0509638984580222,2.3033373040042657,0.2047285088174254,0.3378154895665809,results/CSI500/strict_fixed_oos_fm_stability_seeds/
CSI500,FM,Pure,8,softmax,Softmax,20,0.5221192789671228,0.0297494307083072,2.447906231038824,0.1338025935348203,0.2402359127679458,results/CSI500/strict_fixed_oos_fm_stability_seeds/
CSI500,FM,Pure,32,pred_utility,Pred-Utility,20,0.5451098396096146,0.0832139583934556,2.083713677059541,0.3003927995791453,0.4994519679681854,results/CSI500/strict_fixed_oos_fm_stability_seeds/
CSI500,FM,Pure,32,mean,Mean,20,0.5255596820951862,0.0120266165235208,2.4885571229517485,0.0581168361425704,0.1475875598070048,results/CSI500/strict_fixed_oos_fm_stability_seeds/
CSI500,FM,Pure,32,topk,Top-k,20,0.5321937718144256,0.039248367248277,2.268996541947322,0.1653976686883075,0.3399871059971912,results/CSI500/strict_fixed_oos_fm_stability_seeds/
CSI500,FM,Pure,32,softmax,Softmax,20,0.525591764976216,0.0120284258564006,2.488622364756226,0.058119094308577,0.1475851887509701,results/CSI500/strict_fixed_oos_fm_stability_seeds/
CSI500,FM,Pure,64,pred_utility,Pred-Utility,20,0.5922358299196786,0.1065476165752349,2.171055789828663,0.4026551984549682,0.4988795586055636,results/CSI500/strict_fixed_oos_fm_stability_seeds/
CSI500,FM,Pure,64,mean,Mean,20,0.529653454022492,0.0091387883913871,2.5124796013411577,0.0452166033876771,0.1215443799557954,results/CSI500/strict_fixed_oos_fm_stability_seeds/
CSI500,FM,Pure,64,topk,Top-k,20,0.5666500891270274,0.0456635409297883,2.331625244877229,0.2029279633444512,0.3422662875211784,results/CSI500/strict_fixed_oos_fm_stability_seeds/
CSI500,FM,Pure,64,softmax,Softmax,20,0.5296857045617618,0.0091372865439307,2.512542667442484,0.0452070726134849,0.1215418546127108,results/CSI500/strict_fixed_oos_fm_stability_seeds/
CSI500,FM,Pure,128,pred_utility,Pred-Utility,20,0.6078554021103008,0.1297716995640865,2.115546500958452,0.4411693847799067,0.4990559733975457,results/CSI500/strict_fixed_oos_fm_stability_seeds/
CSI500,FM,Pure,128,mean,Mean,20,0.5274302613059183,0.0066856299390024,2.5020679399356025,0.029568966069615,0.1049414120524068,results/CSI500/strict_fixed_oos_fm_stability_seeds/
CSI500,FM,Pure,128,topk,Top-k,20,0.5813506939176886,0.0758600339718457,2.295251504768117,0.2867330400430574,0.3458017068270179,results/CSI500/strict_fixed_oos_fm_stability_seeds/
CSI500,FM,Pure,128,softmax,Softmax,20,0.5274640307581264,0.0066888061432143,2.502138950424843,0.029579783204409,0.1049394980069216,results/CSI500/strict_fixed_oos_fm_stability_seeds/
CSI500,SS-FM,Pure,8,pred_utility,Pred-Utility,20,0.4749872232180154,0.1548503127529344,1.6195175830372317,0.5504780041788151,0.6957052787628824,results/CSI500/strict_fixed_oos_ssfm_stability_seeds/
CSI500,SS-FM,Pure,8,mean,Mean,20,0.523124766782089,0.0684441900038132,2.3823671900887824,0.2986507717778388,0.5131940865623146,results/CSI500/strict_fixed_oos_ssfm_stability_seeds/
CSI500,SS-FM,Pure,8,topk,Top-k,20,0.4745057605755914,0.1196448535053398,1.9725458179872608,0.4796834522699943,0.5620466835416547,results/CSI500/strict_fixed_oos_ssfm_stability_seeds/
CSI500,SS-FM,Pure,8,softmax,Softmax,20,0.5230920273046651,0.0684669582251375,2.382106821790754,0.2987381438574329,0.513146334032764,results/CSI500/strict_fixed_oos_ssfm_stability_seeds/
CSI500,SS-FM,Pure,32,pred_utility,Pred-Utility,20,0.4156085208100196,0.1553327934339924,1.218851126409009,0.4313483012208585,0.6866310174621196,results/CSI500/strict_fixed_oos_ssfm_stability_seeds/
CSI500,SS-FM,Pure,32,mean,Mean,20,0.5103287505117271,0.0293216819423908,2.3937605333093552,0.1417408911673542,0.4633930238806325,results/CSI500/strict_fixed_oos_ssfm_stability_seeds/
CSI500,SS-FM,Pure,32,topk,Top-k,20,0.4692718757934725,0.0946860478577818,1.6556976402532526,0.3224991858130731,0.5810004951536457,results/CSI500/strict_fixed_oos_ssfm_stability_seeds/
CSI500,SS-FM,Pure,32,softmax,Softmax,20,0.5103483509410088,0.0293061568833816,2.393649568710627,0.1416913116914271,0.4633395118341574,results/CSI500/strict_fixed_oos_ssfm_stability_seeds/
CSI500,SS-FM,Pure,64,pred_utility,Pred-Utility,20,0.5478104871480567,0.1862104801260822,1.481624093569836,0.4636076453708738,0.6632471672274539,results/CSI500/strict_fixed_oos_ssfm_stability_seeds/
CSI500,SS-FM,Pure,64,mean,Mean,20,0.5133755562630067,0.0222810546068946,2.421627653817235,0.1120216047412224,0.4530279208822979,results/CSI500/strict_fixed_oos_ssfm_stability_seeds/
CSI500,SS-FM,Pure,64,topk,Top-k,20,0.5174190181751427,0.1546703377937993,1.6624227118589363,0.4684025203386041,0.5782349963505692,results/CSI500/strict_fixed_oos_ssfm_stability_seeds/
CSI500,SS-FM,Pure,64,softmax,Softmax,20,0.5134074192570671,0.0222397488122225,2.4215331229192865,0.1118209298991453,0.4529745454864753,results/CSI500/strict_fixed_oos_ssfm_stability_seeds/
CSI500,SS-FM,Pure,128,pred_utility,Pred-Utility,20,0.5633785017313041,0.1425958060899047,1.4750948903541448,0.367240080643407,0.632243061627494,results/CSI500/strict_fixed_oos_ssfm_stability_seeds/
CSI500,SS-FM,Pure,128,mean,Mean,20,0.5121725680018308,0.0147152451800084,2.4233776329849523,0.070111574149289,0.4444437923549778,results/CSI500/strict_fixed_oos_ssfm_stability_seeds/
CSI500,SS-FM,Pure,128,topk,Top-k,20,0.5437122463380537,0.1018160710635493,1.64765245733757,0.3103521430806237,0.5683381884704385,results/CSI500/strict_fixed_oos_ssfm_stability_seeds/
CSI500,SS-FM,Pure,128,softmax,Softmax,20,0.512182924851856,0.0146963923333555,2.423192314767288,0.0699999191389727,0.4443897998498952,results/CSI500/strict_fixed_oos_ssfm_stability_seeds/
SP500,Diffusion,Meta,8,pred_utility,Pred-Utility,20,-0.0236977176974229,0.1133542293321244,-0.1245933380490607,0.6884741896918315,0.8193653544874573,results/S&P500/strict_fixed_oos_top30_diff_stability_meta_seeds/
SP500,Diffusion,Meta,8,mean,Mean,20,-8.109135179158351e-05,0.0281780319297269,-0.0019891883926422,0.2547147559465869,0.5268859475135323,results/S&P500/strict_fixed_oos_top30_diff_stability_meta_seeds/
SP500,Diffusion,Meta,8,topk,Top-k,20,0.003889943533361,0.0566137320002013,0.0376200693659461,0.4283935444830326,0.683987844128093,results/S&P500/strict_fixed_oos_top30_diff_stability_meta_seeds/
SP500,Diffusion,Meta,8,softmax,Softmax,20,-6.970683640675039e-05,0.0281701953104714,-0.001886594767004,0.2546508462705175,0.526879774607634,results/S&P500/strict_fixed_oos_top30_diff_stability_meta_seeds/
SP500,Diffusion,Meta,32,pred_utility,Pred-Utility,20,-0.0878188434621637,0.114626817268771,-0.451014398368424,0.5989058501834122,0.6931369705556439,results/S&P500/strict_fixed_oos_top30_diff_stability_meta_seeds/
SP500,Diffusion,Meta,32,mean,Mean,20,-0.0185006774266917,0.0262059724538616,-0.1645236485817147,0.2319740965571917,0.3310716442375429,results/S&P500/strict_fixed_oos_top30_diff_stability_meta_seeds/
SP500,Diffusion,Meta,32,topk,Top-k,20,-0.0428943055181757,0.0508111007824564,-0.2851475623194603,0.3403757659189178,0.6261322851163317,results/S&P500/strict_fixed_oos_top30_diff_stability_meta_seeds/
SP500,Diffusion,Meta,32,softmax,Softmax,20,-0.0185092554177445,0.0262017596465715,-0.1646031030419176,0.2319416029178889,0.3310624594019858,results/S&P500/strict_fixed_oos_top30_diff_stability_meta_seeds/
SP500,Diffusion,Meta,64,pred_utility,Pred-Utility,20,-0.1073596118605453,0.0788586018240213,-0.5359144775885233,0.3867100637260631,0.5952109440412329,results/S&P500/strict_fixed_oos_top30_diff_stability_meta_seeds/
SP500,Diffusion,Meta,64,mean,Mean,20,-0.0140723416576843,0.0164744100456508,-0.1250544177013726,0.1467363260429235,0.2561074001328746,results/S&P500/strict_fixed_oos_top30_diff_stability_meta_seeds/
SP500,Diffusion,Meta,64,topk,Top-k,20,-0.0622444483178777,0.0672448450223722,-0.3738546362460695,0.4056442209682519,0.5675103784007207,results/S&P500/strict_fixed_oos_top30_diff_stability_meta_seeds/
SP500,Diffusion,Meta,64,softmax,Softmax,20,-0.0140843704126427,0.0164746062979714,-0.1251632858066036,0.1467408695222778,0.2560998829419106,results/S&P500/strict_fixed_oos_top30_diff_stability_meta_seeds/
SP500,Diffusion,Meta,128,pred_utility,Pred-Utility,20,-0.1721851673852593,0.0749245207618402,-0.8345943150705931,0.3610641924297493,0.4973422494209279,results/S&P500/strict_fixed_oos_top30_diff_stability_meta_seeds/
SP500,Diffusion,Meta,128,mean,Mean,20,-0.0203086031466571,0.0115871213462501,-0.1797213488242047,0.1025513662929361,0.2062477197254879,results/S&P500/strict_fixed_oos_top30_diff_stability_meta_seeds/
SP500,Diffusion,Meta,128,topk,Top-k,20,-0.0869117326348506,0.0502077108978043,-0.4845489906362884,0.2839649355511056,0.494460754759025,results/S&P500/strict_fixed_oos_top30_diff_stability_meta_seeds/
SP500,Diffusion,Meta,128,softmax,Softmax,20,-0.0203221704834184,0.0115859950903939,-0.1798449401048531,0.1025433775581032,0.206241661226539,results/S&P500/strict_fixed_oos_top30_diff_stability_meta_seeds/
SP500,FM,Meta,8,pred_utility,Pred-Utility,20,0.0797390770366894,0.0390355406898556,0.5971176990207694,0.2965527650260772,0.7053012703488111,results/S&P500/strict_fixed_oos_top30_fm_stability_meta_seeds/
SP500,FM,Meta,8,mean,Mean,20,0.0268322796272752,0.0137050249198063,0.2520175282076223,0.1286601199884068,0.3296015169338565,results/S&P500/strict_fixed_oos_top30_fm_stability_meta_seeds/
SP500,FM,Meta,8,topk,Top-k,20,0.0564175440457937,0.0327747626596978,0.496664338889166,0.2915862054141622,0.4940981900607238,results/S&P500/strict_fixed_oos_top30_fm_stability_meta_seeds/
SP500,FM,Meta,8,softmax,Softmax,20,0.0268615301062359,0.0137055919073857,0.2522919744051949,0.1286653126080369,0.3296044783540404,results/S&P500/strict_fixed_oos_top30_fm_stability_meta_seeds/
SP500,FM,Meta,32,pred_utility,Pred-Utility,20,0.0843844585018205,0.0658787501511289,0.6266053253676299,0.4908154266305101,0.6817830183810355,results/S&P500/strict_fixed_oos_top30_fm_stability_meta_seeds/
SP500,FM,Meta,32,mean,Mean,20,0.0061592233466961,0.0067588226921941,0.0554315614306065,0.060861976209037,0.1768424235612703,results/S&P500/strict_fixed_oos_top30_fm_stability_meta_seeds/
SP500,FM,Meta,32,topk,Top-k,20,0.0366846957842883,0.0328315626419689,0.3125542615597788,0.2826609227543405,0.4834000848619625,results/S&P500/strict_fixed_oos_top30_fm_stability_meta_seeds/
SP500,FM,Meta,32,softmax,Softmax,20,0.0061663551862777,0.0067578202619114,0.0554957607726237,0.0608529925184461,0.1768437219869554,results/S&P500/strict_fixed_oos_top30_fm_stability_meta_seeds/
SP500,FM,Meta,64,pred_utility,Pred-Utility,20,0.0782359599691299,0.0486012414173134,0.5758932923670789,0.3625608518830254,0.6623975766294221,results/S&P500/strict_fixed_oos_top30_fm_stability_meta_seeds/
SP500,FM,Meta,64,mean,Mean,20,0.0008718380180502,0.0037820366991416,0.0077526633550986,0.0336168698512044,0.1349800825383403,results/S&P500/strict_fixed_oos_top30_fm_stability_meta_seeds/
SP500,FM,Meta,64,topk,Top-k,20,0.0329057008716712,0.0322774306117916,0.2777729383145929,0.2722483556769049,0.4697958828420956,results/S&P500/strict_fixed_oos_top30_fm_stability_meta_seeds/
SP500,FM,Meta,64,softmax,Softmax,20,0.0008739957536847,0.0037816724059686,0.0077718433134309,0.0336136901255693,0.1349808380256223,results/S&P500/strict_fixed_oos_top30_fm_stability_meta_seeds/
SP500,FM,Meta,128,pred_utility,Pred-Utility,20,0.0652139438208001,0.0638927305851984,0.4677512458112394,0.4537767928431482,0.646288001076172,results/S&P500/strict_fixed_oos_top30_fm_stability_meta_seeds/
SP500,FM,Meta,128,mean,Mean,20,-0.0018894225990847,0.0040094525187785,-0.0166037546403772,0.035327467226939,0.1097597779592485,results/S&P500/strict_fixed_oos_top30_fm_stability_meta_seeds/
SP500,FM,Meta,128,topk,Top-k,20,0.0335581540391122,0.0271898027660325,0.2776671920473553,0.2239272827759754,0.4599735458847049,results/S&P500/strict_fixed_oos_top30_fm_stability_meta_seeds/
SP500,FM,Meta,128,softmax,Softmax,20,-0.0018902530428153,0.0040092507462425,-0.0166111076593306,0.0353257351238356,0.1097602999116694,results/S&P500/strict_fixed_oos_top30_fm_stability_meta_seeds/
SP500,SS-FM,Meta,8,pred_utility,Pred-Utility,20,0.0846951328249015,0.0629533316034985,0.56688454154122,0.4275386229501624,0.7894621467196536,results/S&P500/strict_fixed_oos_top30_ssfm_stability_meta_seeds_rerun/
SP500,SS-FM,Meta,8,mean,Mean,20,0.0687072796662746,0.0252494723071919,0.6255327834555227,0.2297269299824808,0.4980906396521516,results/S&P500/strict_fixed_oos_top30_ssfm_stability_meta_seeds_rerun/
SP500,SS-FM,Meta,8,topk,Top-k,20,0.0602380093595117,0.0498838035314964,0.4950514439137935,0.4167811606436518,0.6178004262026618,results/S&P500/strict_fixed_oos_top30_ssfm_stability_meta_seeds_rerun/
SP500,SS-FM,Meta,8,softmax,Softmax,20,0.0687173057677294,0.0252490105817769,0.6256369515665137,0.2297275928507292,0.4980834702773383,results/S&P500/strict_fixed_oos_top30_ssfm_stability_meta_seeds_rerun/
SP500,SS-FM,Meta,32,pred_utility,Pred-Utility,20,0.0746983019954388,0.0700447233403879,0.4617286024104895,0.4314681185725855,0.7754931965384227,results/S&P500/strict_fixed_oos_top30_ssfm_stability_meta_seeds_rerun/
SP500,SS-FM,Meta,32,mean,Mean,20,0.0687082680479933,0.015707530132392,0.5873987520898309,0.134094510263488,0.4511098354409786,results/S&P500/strict_fixed_oos_top30_ssfm_stability_meta_seeds_rerun/
SP500,SS-FM,Meta,32,topk,Top-k,20,0.0477921526441015,0.0399483931594304,0.3364839404959147,0.2797475440451486,0.6605837702277464,results/S&P500/strict_fixed_oos_top30_ssfm_stability_meta_seeds_rerun/
SP500,SS-FM,Meta,32,softmax,Softmax,20,0.0686915645973591,0.0157042653213123,0.5872717158946121,0.1340694712842144,0.4510986515568417,results/S&P500/strict_fixed_oos_top30_ssfm_stability_meta_seeds_rerun/
SP500,SS-FM,Meta,64,pred_utility,Pred-Utility,20,0.0216767645853404,0.0636376659380586,0.1327683727483858,0.3819218632121043,0.7465584417684099,results/S&P500/strict_fixed_oos_top30_ssfm_stability_meta_seeds_rerun/
SP500,SS-FM,Meta,64,mean,Mean,20,0.0698408571697247,0.0095677961521935,0.5848845641995543,0.0796511077708263,0.4446593070924377,results/S&P500/strict_fixed_oos_top30_ssfm_stability_meta_seeds_rerun/
SP500,SS-FM,Meta,64,topk,Top-k,20,0.029071051084592,0.0458337972957445,0.1975971430750769,0.3102452747233633,0.6561215927429245,results/S&P500/strict_fixed_oos_top30_ssfm_stability_meta_seeds_rerun/
SP500,SS-FM,Meta,64,softmax,Softmax,20,0.0698197743224613,0.0095653788859345,0.5847250942601894,0.0796334248103629,0.4446468248235838,results/S&P500/strict_fixed_oos_top30_ssfm_stability_meta_seeds_rerun/
SP500,SS-FM,Meta,128,pred_utility,Pred-Utility,20,0.014568255799196,0.07355797195371,0.0858365642528372,0.4225668388242111,0.7216429262507577,results/S&P500/strict_fixed_oos_top30_ssfm_stability_meta_seeds_rerun/
SP500,SS-FM,Meta,128,mean,Mean,20,0.0691465729761275,0.0064227120882192,0.5726357003618302,0.05423682034487,0.436523046739859,results/S&P500/strict_fixed_oos_top30_ssfm_stability_meta_seeds_rerun/
SP500,SS-FM,Meta,128,topk,Top-k,20,0.0187114733792761,0.0465444581609866,0.1190250724427556,0.3003140545577645,0.6430533272098071,results/S&P500/strict_fixed_oos_top30_ssfm_stability_meta_seeds_rerun/
SP500,SS-FM,Meta,128,softmax,Softmax,20,0.0691220307108057,0.006423289619344,0.5724504376075691,0.0542438044367279,0.4365100155666161,results/S&P500/strict_fixed_oos_top30_ssfm_stability_meta_seeds_rerun/
