model,cumulative_return,total_net_return,ann_return,ann_volatility,sharpe,sortino,max_drawdown,calmar,win_rate,average_daily_return,mean_turnover,mean_cost,total_transaction_cost,candidate_feasibility,n_days,test_month
Diffusion,0.16946309681330285,0.16946309681330285,6.188365912244066,0.2418009706240083,8.157386087093425,34.48719370633356,0.03417679704379717,181.06921793501442,0.5,0.007827237593706234,0.8492675332493856,0.0002547802599747738,0.005095605199495475,1.0,20,2025-06
SS-FM,0.09266758015954446,0.09266758015954446,2.054566086636383,0.2154089179299913,5.183803713569853,27.650551241212476,0.02489770007888037,82.52031633954742,0.7,0.004431101383736319,0.6121637018639207,0.00018364911055913,0.0036729822111826,1.0,20,2025-06
SS-FM G=64,0.0849908939015751,0.0849908939015751,1.7949160976342884,0.21838652402469808,4.7063439102348585,8.874590665959365,0.03648872093835276,49.19098426789957,0.7,0.00407857971198808,0.5914518732350502,0.00017743556197047,0.0035487112394094003,1.0,20,2025-06
Black-Litterman,0.0738995520785517,0.0738995520785517,1.4555123997701958,0.12366262043339543,7.264405793201469,35.65176031107883,0.00962281724124503,151.25636944777693,0.75,0.003564823239201715,0.3054985059152466,9.164955177455995e-05,0.001832991035491199,1.0,20,2025-06
Equal Weight,0.06583743458989555,0.06583743458989555,1.2330899473521049,0.13483779034987084,5.958168336250814,14.056401868875046,0.011122978382443027,110.85969107864719,0.65,0.0031880406864786747,0.23022988505747125,6.906896551724136e-05,0.0013813793103448274,1.0,20,2025-06
Risk Parity,0.06407665584208,0.06407665584208,1.1870501216782459,0.1320388112848513,5.926694218333975,14.131822352827697,0.010592596565307977,112.06413029700171,0.65,0.0031053716644349957,0.23599163376390192,7.079749012916454e-05,0.001415949802583291,1.0,20,2025-06
Gaussian Policy,0.060345862571193676,0.060345862571193676,1.0923728740570282,0.17797878394418673,4.148240324131328,5.737959846176059,0.02230959766018603,48.964257029452824,0.6,0.0029297570174489397,0.6085510296524921,0.0001825653088957,0.003651306177914,1.0,20,2025-06
MLP Policy,0.05792003014355607,0.05792003014355607,1.0328521018251422,0.13754863771445364,5.1577376196145,12.244284855566217,0.011680605755212459,88.42453238045749,0.65,0.0028152372351847752,0.31849832346942303,9.554949704081651e-05,0.00191098994081633,1.0,20,2025-06
Standard FM,0.0572334806627357,0.0572334806627357,1.0162920638179167,0.1870006624443924,3.7500413285976366,6.42565042342426,0.03453242285975744,29.4300827933582,0.6,0.00278277862159368,0.6155866236186608,0.000184675987085545,0.0036935197417109,1.0,20,2025-06
Kelly,0.05667699970902951,0.05667699970902951,1.002960595559835,0.1259648671738684,5.514445411357188,13.701788286604017,0.013503717503238089,74.27292486823224,0.7,0.0027564539038855405,0.25061954632438527,7.518586389730736e-05,0.0015037172779461471,1.0,20,2025-06
MVO,0.05667699970902951,0.05667699970902951,1.002960595559835,0.1259648671738684,5.514445411357188,13.701788286604017,0.013503717503238089,74.27292486823224,0.7,0.0027564539038855405,0.25061954632438527,7.518586389730736e-05,0.0015037172779461471,1.0,20,2025-06
Maximum Sharpe,0.05506301415844961,0.05506301415844961,0.9647523895541337,0.12218345304713839,5.527477003908797,13.309339764708906,0.011583853610760197,83.28423527883491,0.7,0.002680024710223125,0.28147921572740536,8.444376471820025e-05,0.001688875294364005,1.0,20,2025-06
SS-FM + GRPO,0.052262621146700106,0.052262621146700106,0.9000464062721385,0.13332411810866213,4.814420071428774,7.715857502557801,0.014599447079699845,61.6493488663437,0.7,0.00254713615169795,0.4384880633728091,0.000131546419011795,0.0026309283802359,1.0,20,2025-06
SS-FM + PPO,0.04502941571805352,0.04502941571805352,0.7418842486193509,0.1544401054434686,3.5934152416133354,5.9238269958731555,0.0171802325275906,43.182433498960016,0.6,0.002202251701654487,0.4468063333709759,0.000134041900011245,0.0026808380002249,1.0,20,2025-06
SS-FM G=128,0.043124761349189855,0.043124761349189855,0.7023027814664515,0.21501992934866804,2.4741051371127334,6.427552572188691,0.030203735341178484,23.252183000986697,0.6,0.0021110393324728434,0.5836715157106422,0.00017510145471315,0.0035020290942629996,1.0,20,2025-06
SS-FM G=32,0.02174526791257514,0.02174526791257514,0.31134571383646437,0.17598625802640178,1.5401990783277753,2.6650319153222544,0.022212319840505423,14.016803110709212,0.6,0.0010756106048040398,0.5899904160353615,0.000176997124810565,0.0035399424962113003,1.0,20,2025-06
SS-FM G=8,0.018250596645399852,0.018250596645399852,0.25593997220654985,0.1641172901070845,1.3885451918321423,2.7681856729994156,0.03298314563541971,7.759719919852121,0.55,0.0009043026748996548,0.6099385237375284,0.00018298155712121,0.0036596311424242,1.0,20,2025-06
SS-FM G=16,0.003164395566754852,0.003164395566754852,0.04061140776395056,0.1877245018989472,0.21205773402228606,0.3406004820863028,0.026749837628229467,1.5181926831994221,0.5,0.0001579699702109249,0.5860534977206511,0.00017581604931615,0.003516320986323,1.0,20,2025-06
Diffusion,0.15892267107585445,0.15892267107585445,4.416449629675741,0.3201423668316529,5.277153935160716,6.523864075422541,0.04457941121256648,99.06926784243372,0.7272727272727273,0.0067041291703862005,0.8792367385403523,0.00026377102156206007,0.005802962474365321,1.0,22,2025-07
SS-FM G=32,0.07747068975352689,0.07747068975352689,1.3506602928659985,0.29024112187930046,2.9447800464776526,6.714742793605378,0.04108100152366678,32.877978695039424,0.5,0.003391651842767668,0.7335520346938057,0.00022006561040807725,0.0048414434289777,1.0,22,2025-07
SS-FM G=64,0.06712240960196181,0.06712240960196181,1.1046568482339492,0.2282316777630536,3.260513368140174,6.558745418351043,0.018097505836188077,61.03917623969259,0.6818181818181818,0.002952985858648796,0.6952960471136757,0.00020858881413406366,0.004588953910949401,1.0,22,2025-07
SS-FM,0.05475842931352659,0.05475842931352659,0.8416502067627194,0.2876594566314758,2.1228644048149214,5.7484086729031825,0.036945312136410835,22.780974312929004,0.5454545454545454,0.002423261988854609,0.7689270441490783,0.0002306781132446682,0.0050749184913827005,1.0,22,2025-07
SS-FM G=128,0.026054974720648882,0.026054974720648882,0.34262426871403373,0.29217017350851043,1.0084058366708322,3.197902734851761,0.07835478748714864,4.372729219260907,0.5,0.0011691512232821892,0.7310913511923182,0.00021932740535763638,0.004825202917868,1.0,22,2025-07
SS-FM G=8,0.01568420219373423,0.01568420219373423,0.19513732050390087,0.2289549391831766,0.7785859172685483,1.589512228775485,0.030188997605100965,6.463855576010546,0.5454545454545454,0.0007073852830837232,0.6609128103042541,0.00019827384309123634,0.0043620245480071995,1.0,22,2025-07
Black-Litterman,0.007526378562564773,0.007526378562564773,0.08968475066561865,0.12259414692675613,0.7005916431515458,1.3266720962642125,0.025835795690098973,3.47133689015773,0.45454545454545453,0.00034082712236578605,0.2432909315220823,7.298727945661999e-05,0.0016057201480456397,1.0,22,2025-07
MLP Policy,-0.0069453928744099835,-0.0069453928744099835,-0.07673029209484983,0.11932016314678465,-0.669072830137866,-1.129317848241225,0.030264620247721696,-2.5353132293350367,0.5,-0.0003168011081314726,0.2850017315468674,8.550051946405173e-05,0.0018810114282091382,1.0,22,2025-07
MVO,-0.008563817495908843,-0.008563817495908843,-0.0938197874469977,0.12447490538619659,-0.7914613978684173,-1.4235044466407645,0.03312254311396212,-2.832505557444649,0.5,-0.0003909408040337227,0.2612602103598612,7.837806310795461e-05,0.0017243173883750014,1.0,22,2025-07
Kelly,-0.008563817495908843,-0.008563817495908843,-0.0938197874469977,0.12447490538619659,-0.7914613978684173,-1.4235044466407645,0.03312254311396212,-2.832505557444649,0.5,-0.0003909408040337227,0.2612602103598612,7.837806310795461e-05,0.0017243173883750014,1.0,22,2025-07
Maximum Sharpe,-0.01130563596997547,-0.01130563596997547,-0.12211399703677461,0.12350543515520272,-1.0545165950361457,-1.8802715236312004,0.03579644438994034,-3.411344314160196,0.5,-0.0005168195672552454,0.27273545165151086,8.182063549544773e-05,0.0018000539808998499,1.0,22,2025-07
Equal Weight,-0.011473595711459006,-0.011473595711459006,-0.12382076114193041,0.11789547467449656,-1.121201630274751,-1.9000663900533952,0.031212758642344185,-3.966991913811533,0.5,-0.0005245420571708774,0.2005224660397074,6.0156739811912216e-05,0.0013234482758620687,1.0,22,2025-07
Risk Parity,-0.011965640569950864,-0.011965640569950864,-0.12880337867168334,0.11701033154870458,-1.1784223130328215,-1.985116992152016,0.031646108659619254,-4.07011743709386,0.5,-0.0005471729585411182,0.203933671226761,6.11801013680283e-05,0.0013459622300966228,1.0,22,2025-07
Gaussian Policy,-0.01610668831241535,-0.01610668831241535,-0.16972370074588095,0.16246018660817066,-1.1448758419087708,-1.5187247834847935,0.02387712331120928,-7.108213939080466,0.6363636363636364,-0.0007380823131733547,0.6035344418284732,0.00018106033254849547,0.0039833273160669,1.0,22,2025-07
SS-FM + PPO,-0.02356629877813332,-0.02356629877813332,-0.23903877203045043,0.11422268138241919,-2.3915816710295554,-3.985683344464495,0.039762768629916345,-6.011622939419883,0.36363636363636365,-0.0010840193301985815,0.42891773358374014,0.00012867532007507728,0.0028308570416517,1.0,22,2025-07
SS-FM + GRPO,-0.02358969817116474,-0.02358969817116474,-0.23924762844537406,0.1175663132467573,-2.3258990204595675,-4.457417537686033,0.040790566189981226,-5.865268634200445,0.45454545454545453,-0.0010851086223002996,0.3974504220026599,0.0001192351266007512,0.0026231727852165264,1.0,22,2025-07
Standard FM,-0.024680741377844817,-0.024680741377844817,-0.24892807961446473,0.14188681116154103,-2.0174804359949583,-3.5367460391565877,0.053289010510440216,-4.671283576670945,0.45454545454545453,-0.001135928038270318,0.6300452718897226,0.0001890135815668682,0.0041582987944711,1.0,22,2025-07
SS-FM G=16,-0.027805185778320696,-0.027805185778320696,-0.2760315836256625,0.21132055963341262,-1.5285190986653334,-2.8601121359333006,0.043166979242525105,-6.394507757302956,0.45454545454545453,-0.0012817758386520542,0.6806003874913102,0.00020418011624733637,0.0044919625574414,1.0,22,2025-07
SS-FM G=128,0.05954781803573339,0.05954781803573339,1.0019200884047264,0.2849461483090683,2.435922606196267,3.9010945844512555,0.05110678204127728,19.60444481899698,0.5238095238095238,0.0027543919214865617,0.5701895968443085,0.0001710568790532476,0.0035921944601181996,1.0,21,2025-08
Gaussian Policy,0.042608782657061806,0.042608782657061806,0.6498959171922454,0.2853303528292879,1.7548508263081917,2.8778189044753693,0.052050924998698456,12.485770756398587,0.47619047619047616,0.0019869531961638244,0.5985689837473298,0.00017957069512415238,0.0037709845976072,1.0,21,2025-08
SS-FM G=8,0.038288316236990916,0.038288316236990916,0.5696961879736315,0.18598239253128604,2.4243267529420027,4.103673385949828,0.04056714996429789,14.043288435963744,0.5238095238095238,0.0017892146420228478,0.5832112740942881,0.00017496338222824288,0.0036742310267931003,1.0,21,2025-08
SS-FM G=16,0.013073757557459542,0.013073757557459542,0.16867239984595006,0.18152238717087968,0.8586731696955614,1.3504032305964493,0.04396243773481889,3.8367390103201453,0.47619047619047616,0.0006185254109631911,0.5789876450133337,0.00017369629350396192,0.0036476221635832005,1.0,21,2025-08
SS-FM G=64,0.009808693421747394,0.009808693421747394,0.12426648031615195,0.2925956381698688,0.40031630764016496,0.88744450189214,0.0513054405912462,2.42209167067078,0.47619047619047616,0.00046480478374515697,0.5952902195649025,0.00017858706586942855,0.003750328383258,1.0,21,2025-08
MLP Policy,-0.002179976767844427,-0.002179976767844427,-0.02584833753719784,0.15592803543280917,-0.1679510451162168,-0.2607940508528381,0.032086158137712206,-0.8055915396993948,0.6190476190476191,-0.00010392173219785233,0.25472384243146146,7.64171527294384e-05,0.0016047602073182064,1.0,21,2025-08
Risk Parity,-0.002301471511181541,-0.002301471511181541,-0.027270739284781742,0.1545102460961148,-0.17894921731905833,-0.268093946427361,0.0323940259742741,-0.8418447063800886,0.6190476190476191,-0.0001097201889153763,0.213635788695743,6.409073660872293e-05,0.0013459054687831814,1.0,21,2025-08
Equal Weight,-0.002471113287522808,-0.002471113287522808,-0.029253638321188657,0.15629661012236679,-0.1899597073975489,-0.28307224711546747,0.03237598018624699,-0.9035599278509359,0.6190476190476191,-0.00011781769177013322,0.20828837282039248,6.248651184611775e-05,0.0013122167487684727,1.0,21,2025-08
SS-FM + PPO,-0.0025338666930362352,-0.0025338666930362352,-0.029986207387279085,0.17019269166132775,-0.17888540395150182,-0.2797443382435401,0.03651663882734102,-0.8211655932809342,0.5238095238095238,-0.00012081344602154765,0.4096897398327125,0.000122906921949768,0.002581045360945128,1.0,21,2025-08
Diffusion,-0.0036082161590397233,-0.0036082161590397233,-0.04244957647236103,0.5918328497335155,-0.07329248061472116,-0.16287489700873312,0.10445649652494449,-0.4063852214517262,0.42857142857142855,-0.00017213054629463832,0.613912920027993,0.00018417387600836994,0.003867651396175769,1.0,21,2025-08
Maximum Sharpe,-0.006104115755439676,-0.006104115755439676,-0.07083957034993393,0.1516233595185697,-0.484581430077317,-0.713550074646419,0.03855945282696227,-1.8371518565844416,0.5714285714285714,-0.0002915629539231574,0.25890087558441854,7.767026267531303e-05,0.0016310755161815737,1.0,21,2025-08
Kelly,-0.008146571749664155,-0.008146571749664155,-0.09349545655510105,0.15037376982534678,-0.6527683441068326,-0.9602121216059136,0.03853511047630953,-2.426240781444751,0.5714285714285714,-0.00038952078065870475,0.2490331837262516,7.470995511786974e-05,0.0015689090574752646,1.0,21,2025-08
MVO,-0.008146571749664155,-0.008146571749664155,-0.09349545655510105,0.15037376982534678,-0.6527683441068326,-0.9602121216059136,0.03853511047630953,-2.426240781444751,0.5714285714285714,-0.00038952078065870475,0.2490331837262516,7.470995511786974e-05,0.0015689090574752646,1.0,21,2025-08
Standard FM,-0.008879995574195165,-0.008879995574195165,-0.10150657677294306,0.23482499398690762,-0.4558113286540306,-0.6817306515234475,0.043397205033918196,-2.339011848657258,0.6190476190476191,-0.0004247456051997901,0.5905627135718894,0.00017716881407152857,0.0037205450955021,1.0,21,2025-08
Black-Litterman,-0.016125615543114313,-0.016125615543114313,-0.17723493255742284,0.16548788442232568,-1.1788450767538887,-2.006646032659452,0.04946306938022238,-3.5831770000971583,0.5714285714285714,-0.0007741451500542665,0.2551596488274558,7.65478946482332e-05,0.0016075057876128974,1.0,21,2025-08
SS-FM,-0.016587215228043406,-0.016587215228043406,-0.1818551518572219,0.23890352330176134,-0.8401545498883125,-1.1558407194957478,0.05621969321755027,-3.234723305114935,0.5238095238095238,-0.0007964915955806478,0.589413156248603,0.00017682394687453334,0.0037133028843652,1.0,21,2025-08
SS-FM + GRPO,-0.018047622063581792,-0.018047622063581792,-0.19631638531236406,0.15311108188877084,-1.4273924436052474,-1.7770271601463405,0.043033087937294656,-4.561986943591522,0.47619047619047616,-0.0008672603226994276,0.38663746515301434,0.00011599123954586632,0.0024358160304631927,1.0,21,2025-08
SS-FM G=32,-0.026982140602589078,-0.026982140602589078,-0.27980560027111057,0.21464346013641086,-1.5292061709372242,-1.9880199589045175,0.05800501477197728,-4.82381741252977,0.38095238095238093,-0.0013025162848885618,0.580644335917734,0.00017419330077526188,0.0036580593162804996,1.0,21,2025-08
Diffusion,0.09372756227279844,0.09372756227279844,1.9302851169379514,0.33050322172708546,3.2529175425636683,6.450855379351289,0.058885057575396416,32.78055921854903,0.7142857142857143,0.004266268761229547,0.5291420466581194,0.0001587426139974072,0.003333594893945551,1.0,21,2025-09
Gaussian Policy,0.0897188085378009,0.0897188085378009,1.8039699988361773,0.2561459818111342,4.025190098273111,11.54727522436843,0.03282281685776123,54.960852587812354,0.5714285714285714,0.004091413768645323,0.6313796264297333,0.00018941388792886665,0.0039776916465061995,1.0,21,2025-09
SS-FM,0.08047995539112329,0.08047995539112329,1.5316319813471475,0.1492217332840745,6.224724282825808,14.921311855093473,0.020416584855393216,75.01900989785536,0.6190476190476191,0.00368596883610609,0.5822878279598621,0.0001746863483879,0.0036684133161459,1.0,21,2025-09
SS-FM G=128,0.06391532289798607,0.06391532289798607,1.1032203037314856,0.1579430281129748,4.707201432077505,7.678977754686212,0.028242916361026826,39.06184083927854,0.6666666666666666,0.0029502763814287804,0.5749972002194168,0.0001724991600657762,0.0036224823613813,1.0,21,2025-09
SS-FM G=32,0.06022433572765751,0.06022433572765751,1.0173126986852212,0.15013764179500355,4.674152798325806,10.493598705531682,0.02341389818673245,43.449095514632596,0.6190476190476191,0.0027847868195641,0.5987115442404858,0.00017961346327209721,0.0037718827287140416,1.0,21,2025-09
SS-FM G=16,0.05747202742632318,0.05747202742632318,0.9553596872950101,0.12008911068985755,5.583971402015088,7.206468919976568,0.01758016753883407,54.343036560069685,0.6666666666666666,0.0026610085705777334,0.5796271485140885,0.0001738881445541857,0.0036516510356379,1.0,21,2025-09
SS-FM G=64,0.05602264753618624,0.05602264753618624,0.9234406336364815,0.19262000307821614,3.3958860375954516,5.272022389207228,0.03291651944078855,28.054018144220887,0.6190476190476191,0.0025956967421226474,0.5774672488150772,0.00017324017464447143,0.0036380436675339,1.0,21,2025-09
SS-FM + GRPO,0.055869788309248714,0.055869788309248714,0.920102276958878,0.11887951340711204,5.487728164197904,10.801392276725517,0.021826217610746768,42.15582806733491,0.6666666666666666,0.002588803388374409,0.40108010510263314,0.0001203240315307508,0.0025268046621457667,1.0,21,2025-09
Standard FM,0.05469120281995621,0.05469120281995621,0.8945404528149101,0.21143787195692337,3.022052284675787,4.28625484265538,0.03356850962296021,26.64820282051074,0.6190476190476191,0.0025356202540254237,0.6109542133676825,0.00018328626401026667,0.0038490115442156,1.0,21,2025-09
Maximum Sharpe,0.05314187246729496,0.05314187246729496,0.8614122413524734,0.11488817395686599,5.408176035624245,10.292449592111277,0.022367861053262494,38.51115845637958,0.6666666666666666,0.002465616941151397,0.244160789837252,7.32482369511697e-05,0.001538212975974564,1.0,21,2025-09
MVO,0.05088146776067659,0.05088146776067659,0.814031399665043,0.11536606866999499,5.1622775053090475,9.425006622165306,0.02235752951165848,36.40972045862943,0.6190476190476191,0.0023633002427422777,0.2375218389821719,7.125655169464683e-05,0.0014963875855875835,1.0,21,2025-09
Kelly,0.05088146776067659,0.05088146776067659,0.814031399665043,0.11536606866999499,5.1622775053090475,9.425006622165306,0.02235752951165848,36.40972045862943,0.6190476190476191,0.0023633002427422777,0.2375218389821719,7.125655169464683e-05,0.0014963875855875835,1.0,21,2025-09
SS-FM + PPO,0.04917459616609321,0.04917459616609321,0.7789887301120617,0.1268821323080425,4.540001521320887,11.969988458060403,0.019878156038178774,39.18817865278375,0.7142857142857143,0.0022858931496307577,0.4175801269830427,0.0001252740380948619,0.0026307547999921002,1.0,21,2025-09
SS-FM G=8,0.047755210923764,0.047755210923764,0.7503220070390406,0.1270500166329396,4.406136967682481,6.946098031751838,0.0234564165649076,31.987921299179753,0.6190476190476191,0.002221427678694719,0.5766300096252223,0.00017298900288751907,0.0036327690606379006,1.0,21,2025-09
MLP Policy,0.046955920305963295,0.046955920305963295,0.7343660552960627,0.1156905616349736,4.75961005678211,7.981666379106207,0.02379730558658255,30.859210200255383,0.6190476190476191,0.002185087145367424,0.27041162656201906,8.112348796860143e-05,0.00170359324734063,1.0,21,2025-09
Equal Weight,0.04653479138562311,0.04653479138562311,0.7260129471351076,0.11659704709593727,4.6811999743100525,7.916545116081706,0.02320482217205111,31.287158408373795,0.6190476190476191,0.002165928943929085,0.21488779419813897,6.446633825943693e-05,0.0013537931034481756,1.0,21,2025-09
Risk Parity,0.04412937908361725,0.04412937908361725,0.6790042297334207,0.11530614114777984,4.4941309468164095,7.563188920508183,0.023162206425287546,29.315179101076993,0.6190476190476191,0.002056352767024676,0.22371408066553805,6.71142241996602e-05,0.0014093987081928642,1.0,21,2025-09
Black-Litterman,0.04368378019726005,0.04368378019726005,0.6704258811582195,0.11620831245803619,4.415162751458312,7.182533877709331,0.025356915987803763,26.439567078294647,0.6190476190476191,0.0020360262403751996,0.2376087526158836,7.128262578476033e-05,0.0014969351414799669,1.0,21,2025-09
SS-FM G=16,0.024242706535824388,0.024242706535824388,0.30010785411886176,0.22213662730372272,1.1814675900975482,1.2884037171151723,0.04983715089492047,6.02176987909334,0.5217391304347826,0.0010414572449719305,0.6250307945196218,0.00018750923835582608,0.004312712482184,1.0,23,2025-10
Black-Litterman,-0.007686936165773428,-0.007686936165773428,-0.08107195484488883,0.1821433718733977,-0.46418080282284846,-0.5580839076085781,0.04820464322571549,-1.681828749676126,0.5217391304347826,-0.0003355057800994221,0.3606645266878865,0.00010819935800633657,0.002488585234145741,1.0,23,2025-10
SS-FM + GRPO,-0.011259930648469307,-0.011259930648469307,-0.11668155206370145,0.19520422773844015,-0.6355881818865113,-0.7391410493445559,0.05419812129481305,-2.1528707873287165,0.5217391304347826,-0.0004923392865271257,0.5003140868933177,0.00015009422606794779,0.0034521671995627994,1.0,23,2025-10
Gaussian Policy,-0.01444394120285819,-0.01444394120285819,-0.14735278404914232,0.1966031256418711,-0.8108182251954625,-1.014545548955146,0.07429833972238364,-1.9832580997062277,0.43478260869565216,-0.0006325769738127875,0.6385853209402744,0.0001915755962820348,0.0044062387144868,1.0,23,2025-10
MLP Policy,-0.01828833151337017,-0.01828833151337017,-0.1830941490068102,0.19533084614010346,-1.035327661867928,-1.2426255891544526,0.058720364631627,-3.1180690064753964,0.391304347826087,-0.0008025056675591955,0.35143287216447244,0.00010542986164931769,0.002424886817934307,1.0,23,2025-10
Equal Weight,-0.021810695256129886,-0.021810695256129886,-0.21464067304310586,0.19695036342445804,-1.2267757235068595,-1.4857147110944011,0.058427575705947477,-3.6736193560955344,0.391304347826087,-0.0009587854150197556,0.3026772328121653,9.08031698436322e-05,0.002088472906403541,1.0,23,2025-10
Risk Parity,-0.022299617312369402,-0.022299617312369402,-0.21893087230922115,0.18974473062955965,-1.3022317956951512,-1.5293474433337213,0.056644878790473085,-3.864972032494532,0.43478260869565216,-0.0009805223067120008,0.3059113619986842,9.17734085995983e-05,0.002110788397790761,1.0,23,2025-10
Kelly,-0.023582885189957326,-0.023582885189957326,-0.23009019462154578,0.18828354237473405,-1.3887666631376057,-1.776207854612867,0.056104372990158136,-4.101109812989236,0.43478260869565216,-0.0010376266145535212,0.32219841110852604,9.665952333254032e-05,0.0022231690366484274,1.0,23,2025-10
MVO,-0.023582885189957326,-0.023582885189957326,-0.23009019462154578,0.18828354237473405,-1.3887666631376057,-1.776207854612867,0.056104372990158136,-4.101109812989236,0.43478260869565216,-0.0010376266145535212,0.32219841110852604,9.665952333254032e-05,0.0022231690366484274,1.0,23,2025-10
Maximum Sharpe,-0.026367748550472858,-0.026367748550472858,-0.2538106730437658,0.18739676886057346,-1.5623317481516574,-1.9841986979803024,0.05558680388962134,-4.566023863285204,0.43478260869565216,-0.0011618092122694912,0.34148369867148387,0.00010244510960141957,0.00235623752083265,1.0,23,2025-10
SS-FM G=32,-0.02862839503635617,-0.02862839503635617,-0.2725755313926055,0.22883193950351632,-1.3907372774842912,-1.7659799053655407,0.0679832237312622,-4.009452868403197,0.5652173913043478,-0.0012628774148673424,0.6270416410810051,0.00018811249232425655,0.004326587323457901,1.0,23,2025-10
SS-FM,-0.029392491680810706,-0.029392491680810706,-0.27882040243547634,0.23432173394504044,-1.394949892682426,-1.9543366595144755,0.0683219601880285,-4.080977794959867,0.4782608695652174,-0.0012970915778563257,0.6234335424493181,0.00018703006273474782,0.0043016914428992,1.0,23,2025-10
SS-FM G=8,-0.03242316249075028,-0.03242316249075028,-0.3031128309998099,0.2468582479513283,-1.462911469398806,-1.4481963704714622,0.07840553396212413,-3.8659622055024405,0.5217391304347826,-0.001433062548586081,0.6199293149045986,0.00018597879447133475,0.0042775122728406995,1.0,23,2025-10
SS-FM G=64,-0.036927689702840216,-0.036927689702840216,-0.3378470111056612,0.23809698786930214,-1.731473599835347,-2.185626808750628,0.07665766104922,-4.40721783682831,0.43478260869565216,-0.0016359470186349742,0.6570695387075771,0.00019712086161222174,0.0045337798170811,1.0,23,2025-10
SS-FM + PPO,-0.04020589913430661,-0.04020589913430661,-0.36212775472799696,0.19925145116274728,-2.2565319127421786,-2.833534039451268,0.06378537459176226,-5.677285068021925,0.43478260869565216,-0.0017841954690830512,0.47861414012116105,0.0001435842420363,0.0033024375668349003,1.0,23,2025-10
Standard FM,-0.044693831195753875,-0.044693831195753875,-0.3940570040079988,0.243169283749291,-2.060167121574494,-2.839971768214894,0.07053008132779004,-5.587077124959073,0.391304347826087,-0.0019879736641155088,0.5941435342152859,0.00017824306026453478,0.0040995903860843,1.0,23,2025-10
SS-FM G=128,-0.04775812602092422,-0.04775812602092422,-0.4150159034626809,0.22005157289230795,-2.43656798485372,-2.832669794755931,0.06894163826252708,-6.019814932194046,0.4782608695652174,-0.002127661180659136,0.6508490072121922,0.00019525470216361304,0.0044908581497631,1.0,23,2025-10
Diffusion,-0.12985202642976557,-0.12985202642976557,-0.7821534779477293,0.43041293742465636,-3.5407032617056644,-5.351751057183871,0.12941814183116396,-6.043615422697919,0.43478260869565216,-0.006047478140554749,0.6835849117173203,0.0002050754735151636,0.0047167358908487625,1.0,23,2025-10
Diffusion,-0.01774736399711263,-0.01774736399711263,-0.21140301360901237,0.48688051807126315,-0.4877991010072076,-0.739981551887381,0.08820313143285863,-2.396774470189135,0.5263157894736842,-0.0009424598373535144,0.6223926613814672,0.00018671779841440453,0.003547638169873686,1.0,19,2025-11
Standard FM,-0.020704245989808467,-0.020704245989808467,-0.24231403399975837,0.303346297718928,-0.9147508116797657,-1.1820979228460051,0.08183479576303843,-2.961014709456905,0.47368421052631576,-0.0011011360002319095,0.6853630201623269,0.00020560890604864212,0.0039065692149242,1.0,19,2025-11
SS-FM G=16,-0.02277494836386862,-0.02277494836386862,-0.26328978592321295,0.2698352210841606,-1.1323972442386705,-1.3995082955005147,0.07615940360655027,-3.4570883365027836,0.631578947368421,-0.0012125423045803007,0.6160685394428329,0.00018482056183281054,0.0035115906748234,1.0,19,2025-11
SS-FM + PPO,-0.03263184829814891,-0.03263184829814891,-0.35597671204948766,0.25655649701779465,-1.7151013411569689,-2.4504673802410144,0.08160134299835997,-4.3623879089421616,0.5789473684210527,-0.0017461126671339422,0.48360114690000355,0.00014508034406995266,0.0027565265373291005,1.0,19,2025-11
SS-FM G=128,-0.03589466198678315,-0.03589466198678315,-0.384198743980237,0.2898411481033036,-1.6727473204241827,-2.373971709863583,0.0886224542613141,-4.335230243651121,0.47368421052631576,-0.0019239325549145626,0.671758394285994,0.0002015275182857474,0.0038290228474292002,1.0,19,2025-11
Gaussian Policy,-0.03601036701381344,-0.03601036701381344,-0.38517822425362724,0.3308829955598985,-1.4700750876778073,-1.6577780765013506,0.09427690172902636,-4.08560545785349,0.5789473684210527,-0.0019302493996381476,0.7193800382117823,0.0002158140114634842,0.0041004662178062,1.0,19,2025-11
SS-FM G=8,-0.03864704316679213,-0.03864704316679213,-0.40711187164258456,0.2671151994437285,-1.9570191159763188,-2.4739472866055454,0.09369352882003879,-4.345143968528946,0.47368421052631576,-0.002074402982060332,0.6311433927894071,0.00018934301783677895,0.0035975173388988,1.0,19,2025-11
Equal Weight,-0.04341339418246726,-0.04341339418246726,-0.44493570928998727,0.24979644548941365,-2.356604120903486,-2.92114198770844,0.08977263851202733,-4.956250776013193,0.5263157894736842,-0.002335997352489663,0.2804597701149425,8.41379310344715e-05,0.0015986206896549584,1.0,19,2025-11
Risk Parity,-0.04371392757185011,-0.04371392757185011,-0.44724416862858896,0.24833006696876053,-2.38730217726739,-2.9483172548075265,0.09007114366353919,-4.965454533354987,0.5263157894736842,-0.002352535355378884,0.28980411147743984,8.694123344322115e-05,0.001651883435421202,1.0,19,2025-11
Maximum Sharpe,-0.04490653533568578,-0.04490653533568578,-0.45631760816156863,0.24303086582787506,-2.5074594499867695,-2.956298198224121,0.08933816774548742,-5.107756513000769,0.5263157894736842,-0.002418214449041952,0.3199273981174149,9.59782194352075e-05,0.0018235861692689425,1.0,19,2025-11
MLP Policy,-0.04725603390051236,-0.04725603390051236,-0.47379119147822313,0.2492471290068335,-2.5759862237943936,-3.1445972990615445,0.09140653634621931,-5.183340386989948,0.5263157894736842,-0.002547845915245663,0.3366593646706494,0.00010099780940116471,0.0019189583786221294,1.0,19,2025-11
Kelly,-0.047627959622000726,-0.047627959622000726,-0.47650916869025706,0.2436594975434531,-2.6563124752484613,-3.1922173898656037,0.09008597332536439,-5.2894934816238734,0.5263157894736842,-0.0025683958850692312,0.3149698538983451,9.449095616948383e-05,0.0017953281672201927,1.0,19,2025-11
MVO,-0.047627959622000726,-0.047627959622000726,-0.47650916869025706,0.2436594975434531,-2.6563124752484613,-3.1922173898656037,0.09008597332536439,-5.2894934816238734,0.5263157894736842,-0.0025683958850692312,0.3149698538983451,9.449095616948383e-05,0.0017953281672201927,1.0,19,2025-11
SS-FM + GRPO,-0.049673915422264736,-0.049673915422264736,-0.49123003787243313,0.26604510243313095,-2.540017836140294,-3.1954780526046087,0.09296795055466678,-5.283864331112487,0.47368421052631576,-0.0026815845452298577,0.4557835857078706,0.00013673507571231578,0.0025979664385339996,1.0,19,2025-11
Black-Litterman,-0.05470195419166379,-0.05470195419166379,-0.52579666117273,0.25005232210196554,-2.9838517720417532,-3.3801778421258972,0.09371420879799686,-5.610639708927137,0.47368421052631576,-0.002960789938123433,0.32597571613544585,9.779271484062189e-05,0.0018580615819718158,1.0,19,2025-11
SS-FM G=32,-0.06557108832072811,-0.06557108832072811,-0.5932285233421641,0.25234634784905735,-3.5645601424794378,-4.8690161643224625,0.09253862586348238,-6.41060441309475,0.5263157894736842,-0.0035694592604881012,0.6305655774400614,0.00018916967323197369,0.0035942237914075,1.0,19,2025-11
SS-FM,-0.07113483955075106,-0.07113483955075106,-0.6242047791016557,0.28995520571530126,-3.3753865767313878,-4.857767043664477,0.12111923009613645,-5.153638927577422,0.5263157894736842,-0.0038837734493048256,0.6350155047527307,0.00019050465142576842,0.0036195883770896,1.0,19,2025-11
SS-FM G=64,-0.08878134311511487,-0.08878134311511487,-0.7086143160025323,0.2567457738796943,-4.802834711352578,-6.540850439831399,0.10842986940380506,-6.535231665396301,0.3684210526315789,-0.0048932837888193475,0.6847716979848021,0.0002054315093953895,0.0039031986785124004,1.0,19,2025-11
SS-FM G=128,0.06890192554885077,0.06890192554885077,1.1452110536861113,0.1765691936748202,4.322599684473588,8.534544793190056,0.021410902252473774,53.48728606492031,0.5454545454545454,0.0030287219875656094,0.6998353336328845,0.00020995060008980915,0.004618913201975801,1.0,22,2025-12
SS-FM G=16,0.0534531989314182,0.0534531989314182,0.8157136824163587,0.18293359752161076,3.2606290586437465,7.479543733302867,0.03648922274765254,22.354920740777796,0.45454545454545453,0.002366978586830173,0.7016525366265101,0.00021049576098791363,0.0046309067417341,1.0,22,2025-12
SS-FM G=64,0.042202064344774914,0.042202064344774914,0.6055771819193041,0.16033886179843007,2.953016514700405,7.587617174373631,0.03857708218051692,15.697848247972122,0.5,0.0018789020112659912,0.7199697444444447,0.00021599092333328182,0.0047518003133322,1.0,22,2025-12
SS-FM G=32,0.03902178043242377,0.03902178043242377,0.5503431208509895,0.1377454935085707,3.183234990526131,7.053636151525873,0.025618708328240647,21.48207918212339,0.5,0.0017399852171578265,0.677798004642287,0.00020333940139263178,0.004473466830637899,1.0,22,2025-12
Gaussian Policy,0.029566263812638827,0.029566263812638827,0.3962053375100414,0.11611066604454859,2.8744825501420714,5.338806352575084,0.03350926015877054,11.823756646156232,0.5909090909090909,0.0013244368390096365,0.6504143173094759,0.00019512429519278178,0.0042927344942411995,1.0,22,2025-12
SS-FM,0.028994597324961013,0.028994597324961013,0.3873510127671329,0.12824813991899195,2.552833771265243,6.17215404578075,0.03020538788465077,12.82390460425009,0.5909090909090909,0.001299191201139495,0.6920407601775168,0.00020761222805320458,0.0045674690171705005,1.0,22,2025-12
Black-Litterman,0.023077645361051724,0.023077645361051724,0.2986689434987253,0.12128477328414927,2.1547622446043118,4.8873957890413156,0.033194041016314624,8.99766748350801,0.5,0.0010370628980876132,0.39815072180019817,0.00011944521654002522,0.002627794763880555,1.0,22,2025-12
MLP Policy,0.02294506366889948,0.02294506366889948,0.29674249633000915,0.12705401744894465,2.045235191535055,4.636114746806888,0.03311440035026303,8.961131507478804,0.5,0.001031172014732105,0.3936593465215637,0.00011809780395642379,0.0025981516870413235,1.0,22,2025-12
SS-FM + PPO,0.021709061122708873,0.021709061122708873,0.27890814002369213,0.12508248412023276,1.9667557774414481,4.369887297165169,0.025692623911019785,10.855572439374946,0.5,0.0009762170567468094,0.5373290894172928,0.00016119872682513638,0.0035463719901530004,1.0,22,2025-12
Risk Parity,0.01911187984121021,0.01911187984121021,0.24216050725968286,0.12296036354522885,1.7635943958474547,3.972888155367562,0.03361992662159208,7.202886252112091,0.5,0.0008605246351576636,0.3479491486753509,0.00010438474460257777,0.002296464381256711,1.0,22,2025-12
Equal Weight,0.01758912475298824,0.01758912475298824,0.22106575585799781,0.12401310089642238,1.6105076506945317,3.6264005198593283,0.03379663537537003,6.5410581083791515,0.5,0.0007925557451588933,0.3436781609195402,0.00010310344827584545,0.0022682758620686,1.0,22,2025-12
SS-FM + GRPO,0.015411224468147688,0.015411224468147688,0.19146319377488163,0.11726128421919008,1.4939468519630652,3.245622049504527,0.03128120186861694,6.120710917024205,0.5,0.0006951671683190684,0.5358558856783439,0.00016075676570345454,0.003536648845476,1.0,22,2025-12
SS-FM G=8,0.014522937306836958,0.014522937306836958,0.17957858500224955,0.13608316750247917,1.2136493173114062,1.9663154088268815,0.033219628239464005,5.405797551608814,0.45454545454545453,0.0006553858862577681,0.6772554472032207,0.00020317663416092728,0.0044698859515404,1.0,22,2025-12
Kelly,0.012574632055905033,0.012574632055905033,0.15388973252504323,0.11976208474613878,1.1951913781332195,2.960808181029704,0.030978618507517264,4.96761120860507,0.45454545454545453,0.0005680103615708136,0.3979046152393981,0.00011937138457178112,0.0026261704605791848,1.0,22,2025-12
MVO,0.012574632055905033,0.012574632055905033,0.15388973252504323,0.11976208474613878,1.1951913781332195,2.960808181029704,0.030978618507517264,4.96761120860507,0.45454545454545453,0.0005680103615708136,0.3979046152393981,0.00011937138457178112,0.0026261704605791848,1.0,22,2025-12
Standard FM,0.011092099248150689,0.011092099248150689,0.1346854428886235,0.1452139068595821,0.8701333944204835,1.8015082802991131,0.03629215480577008,3.7111448358312935,0.45454545454545453,0.0005014105940190004,0.683202369699761,0.00020496071090987726,0.0045091356400173,1.0,22,2025-12
Maximum Sharpe,0.009356530183181722,0.009356530183181722,0.1125742939377985,0.12099573680576574,0.8816551451513862,2.4499896989046475,0.031567456304996244,3.5661503052427173,0.45454545454545453,0.0004233194995880409,0.422946443572761,0.0001268839330718012,0.002791446527579626,1.0,22,2025-12
Diffusion,-0.012157364552889072,-0.012157364552889072,-0.13073783070368594,0.16439785876286866,-0.852264801262316,-1.2774481272811014,0.058378085538738134,-2.239501852401991,0.5454545454545454,-0.0005559940810574863,0.8616831081365693,0.0002585049324409286,0.00568710851370043,1.0,22,2025-12
Diffusion,0.07647756731338107,0.07647756731338107,1.530828977699756,0.22924266343173103,4.05049781895103,5.348527781573421,0.04965644243172973,30.828406199345018,0.65,0.003684709953336315,0.845625712956832,0.000253687713887,0.00507375427774,1.0,20,2026-01
SS-FM + PPO,-0.012761964888376331,-0.012761964888376331,-0.14941900424454668,0.11010392912686597,-1.469844353960727,-2.8392545096666875,0.02790793595934926,-5.353996958506377,0.4,-0.0006422049149841904,0.4783651239971495,0.00014350953719909998,0.0028701907439819996,1.0,20,2026-01
SS-FM G=128,-0.014678438452956244,-0.014678438452956244,-0.16999132924134563,0.15728560985806686,-1.1845910869851353,-2.0494653491696715,0.027958519835134976,-6.080126209961964,0.4,-0.0007393616331305052,0.6398105694801475,0.000191943170843985,0.0038388634168797,1.0,20,2026-01
SS-FM G=16,-0.017314217223589057,-0.017314217223589057,-0.19753725721943483,0.11954274989766718,-1.8409301416084107,-2.87576295801449,0.024577520801472796,-8.03731421143167,0.45,-0.000873293061497505,0.6391457956142548,0.000191743738684225,0.0038348747736845,1.0,20,2026-01
SS-FM G=32,-0.020772756777858392,-0.020772756777858392,-0.23240534315594397,0.16025062148244437,-1.6504989078095118,-2.998804197146225,0.04917977558713782,-4.7256283783597794,0.45,-0.0010495772846530551,0.6605022968945857,0.00019815068906833003,0.0039630137813666,1.0,20,2026-01
Maximum Sharpe,-0.025708482678508116,-0.025708482678508116,-0.2797547391338121,0.08601224624606991,-3.8153111819210093,-6.332672781660444,0.03112268917220018,-8.988771426079028,0.45,-0.001302236051130055,0.4162944142768068,0.00012488832428300304,0.002497766485660061,1.0,20,2026-01
Gaussian Policy,-0.02891292570554227,-0.02891292570554227,-0.30903987427775637,0.19562435871366007,-1.8897092595622298,-4.236565571769514,0.041240759671468785,-7.493554355924161,0.3,-0.0014669569922901849,0.6548729231576796,0.00019646187694725997,0.0039292375389452,1.0,20,2026-01
SS-FM,-0.03158768076981999,-0.03158768076981999,-0.33264049683214014,0.16734973744627352,-2.416653884130383,-2.9662770061627715,0.04979649281950538,-6.679998489810195,0.45,-0.0016048666389195897,0.6264248380324797,0.00018792745140969497,0.0037585490281938994,1.0,20,2026-01
SS-FM + GRPO,-0.034040449089596136,-0.034040449089596136,-0.3536278205794927,0.10515271261779767,-4.149962479336333,-8.23625163286601,0.037731393713634875,-9.372243794209577,0.4,-0.0017316659204932399,0.48288465091636257,0.00014486539527486497,0.0028973079054972995,1.0,20,2026-01
Kelly,-0.0360371965987899,-0.0360371965987899,-0.370262612710356,0.09351634161395897,-4.945150591774111,-8.136106947422187,0.03122560698755117,-11.857659415811195,0.35,-0.0018351285399715047,0.3747146826757537,0.00011241440480269855,0.002248288096053971,1.0,20,2026-01
MVO,-0.0360371965987899,-0.0360371965987899,-0.370262612710356,0.09351634161395897,-4.945150591774111,-8.136106947422187,0.03122560698755117,-11.857659415811195,0.35,-0.0018351285399715047,0.3747146826757537,0.00011241440480269855,0.002248288096053971,1.0,20,2026-01
Black-Litterman,-0.037683364910046646,-0.037683364910046646,-0.3836793551866716,0.08317639255427181,-5.818813592640416,-9.97377860401244,0.03528584779328159,-10.87346285214448,0.35,-0.0019205869983396503,0.37336502276052747,0.00011200950682813261,0.0022401901365626522,1.0,20,2026-01
Risk Parity,-0.03896256888692817,-0.03896256888692817,-0.393922976539,0.09471890103020418,-5.286676620213883,-8.716906532779118,0.03990800198783673,-9.870776709369236,0.3,-0.001987096030034655,0.3361860871191123,0.00010085582613570043,0.0020171165227140086,1.0,20,2026-01
Equal Weight,-0.039276176362235904,-0.039276176362235904,-0.39641024500342725,0.09764311769853144,-5.170467077443541,-8.49467912433458,0.04062395595453028,-9.758041423812164,0.3,-0.002003414783330165,0.3320114942528735,9.960344827583414e-05,0.0019920689655166827,1.0,20,2026-01
MLP Policy,-0.04052988833476523,-0.04052988833476523,-0.4062600413130293,0.09927538388545827,-5.2511893186217655,-8.366623160713095,0.04046423950643652,-10.039977181540921,0.3,-0.002068705696275372,0.3714750047492822,0.00011144250142475314,0.0022288500284950627,1.0,20,2026-01
SS-FM G=64,-0.041192256538898686,-0.041192256538898686,-0.4114039907045217,0.13299093271082524,-3.985348567727567,-6.737153199452043,0.03919012514435982,-10.497644220044812,0.4,-0.00210323501269778,0.6484199016610726,0.00019452597049828,0.0038905194099656,1.0,20,2026-01
Standard FM,-0.056571441261161204,-0.056571441261161204,-0.5198978663351541,0.1256108991812277,-5.841502799747151,-10.843602688786927,0.04735255706178765,-10.979298660825625,0.4,-0.0029117318224043598,0.6791101672118571,0.000203733050163515,0.0040746610032703,1.0,20,2026-01
SS-FM G=8,-0.06477487782680325,-0.06477487782680325,-0.569925521439643,0.13167842902606103,-6.408011438013368,-8.112661499851441,0.054395942578590706,-10.477353538202237,0.3,-0.003348400314835835,0.6469184468685552,0.00019407553406051,0.0038815106812102,1.0,20,2026-01
Standard FM,0.06481607352368268,0.06481607352368268,1.3001030984098008,0.13708010413650498,6.076402936611293,14.619474930659651,0.01603497873447346,81.07919068297363,0.5789473684210527,0.003305372806849368,0.6980697666905266,0.00020942093000711053,0.0039789976701351,1.0,19,2026-02
Maximum Sharpe,0.06328540186422371,0.06328540186422371,1.256634308449938,0.11170553175159235,7.285892170669272,14.962129343102198,0.011133474823304956,112.86991064276803,0.5789473684210527,0.0032296605524181525,0.41445141354638154,0.00012433542406387532,0.002362373057213631,1.0,19,2026-02
MVO,0.062371008363796054,0.062371008363796054,1.2310306078768387,0.11216673544951833,7.154203351764434,15.119673466949248,0.011133474823304956,110.57020628456489,0.5789473684210527,0.003184379502815153,0.4134236484970922,0.0001240270945490911,0.002356514796432731,1.0,19,2026-02
Kelly,0.062371008363796054,0.062371008363796054,1.2310306078768387,0.11216673544951833,7.154203351764434,15.119673466949248,0.011133474823304956,110.57020628456489,0.5789473684210527,0.003184379502815153,0.4134236484970922,0.0001240270945490911,0.002356514796432731,1.0,19,2026-02
Gaussian Policy,0.055096853085244035,0.055096853085244035,1.036712928899076,0.1182252333336071,6.016796743640785,18.76547551082378,0.009368540427070915,110.65895877477742,0.631578947368421,0.002822766662451663,0.6677383115956654,0.00020032149347865263,0.0038061083760944,1.0,19,2026-02
SS-FM G=64,0.05282385844683324,0.05282385844683324,0.979280832561672,0.14330338059303044,4.7642530136015635,10.399293429722693,0.013839346607619651,70.76062622945658,0.5263157894736842,0.002709260170038242,0.6952693480155142,0.00020858080440460525,0.0039630352836875,1.0,19,2026-02
Black-Litterman,0.0527073683572683,0.0527073683572683,0.9763781937128575,0.12876951487464555,5.2905843068123914,7.82605595260561,0.018846770516894873,51.80612735946456,0.5789473684210527,0.0027034364071097,0.40778132861655514,0.00012233439858494357,0.0023243535731139278,1.0,19,2026-02
Equal Weight,0.050666271216169845,0.050666271216169845,0.9261535586483121,0.12055253489702357,5.437671137037877,10.50334382508287,0.014447126899730378,64.10641818793718,0.5789473684210527,0.0026012898393107,0.3715202757852485,0.00011145608273555587,0.0021176655719755614,1.0,19,2026-02
MLP Policy,0.050315521512318995,0.050315521512318995,0.9176425388681007,0.1211077006095713,5.3761782612049815,10.866587289780497,0.013908337556292505,65.97787371452849,0.5789473684210527,0.002583716616197216,0.40623707612860516,0.00012187112283855516,0.002315551333932548,1.0,19,2026-02
Risk Parity,0.04974221554240921,0.04974221554240921,0.9038059736484809,0.12000899492079828,5.365056402689518,10.558034565963764,0.01417109914163539,63.77811379450831,0.5789473684210527,0.0025549802642069945,0.37669316198278535,0.00011300794859480131,0.002147151023301225,1.0,19,2026-02
SS-FM + GRPO,0.045468930769270166,0.045468930769270166,0.8035433248071255,0.12202569263114864,4.833025168578354,11.140446924983005,0.013218609796341041,60.788792254806495,0.5263157894736842,0.002340290649601379,0.5287295381499535,0.00015861886144493683,0.0030137583674537997,1.0,19,2026-02
SS-FM G=16,0.04088043555205334,0.04088043555205334,0.7013362775334309,0.12994519208002217,4.089524047729021,6.3000977822273265,0.018854724924012967,37.19684484180537,0.6842105263157895,0.0021087856662619737,0.72765135085321,0.0002182954052559316,0.0041476126998627,1.0,19,2026-02
SS-FM G=8,0.03832550405849333,0.03832550405849333,0.6467742812441106,0.12018845270082774,4.1503021477464,10.532417554637071,0.021910030655038826,29.519551634920546,0.5263157894736842,0.0019794380689625475,0.7003439238659792,0.0002101031771597421,0.0039919603660351,1.0,19,2026-02
SS-FM + PPO,0.03660413878734392,0.03660413878734392,0.6109307382014262,0.12483109979364886,3.8196580099982294,8.903994687605229,0.012764446951942787,47.86190428003155,0.5263157894736842,0.0018921115485067423,0.5126400813101762,0.00015379202439300526,0.0029220484634670998,1.0,19,2026-02
SS-FM G=128,0.01922794797620897,0.01922794797620897,0.2873714510477259,0.1614073455473094,1.565000055406766,2.0060435183955594,0.03075889684473021,9.342709931970788,0.47368421052631576,0.0010023908917642787,0.7201021528788636,0.0002160306458636158,0.0041045822714087,1.0,19,2026-02
Diffusion,0.013477647875588028,0.013477647875588028,0.19430243760293564,0.26751124882857713,0.6637563149152637,0.9581587663616312,0.05668648638992391,3.427667685493965,0.47368421052631576,0.0007046122250826844,0.8705338873236361,0.0002611601661970421,0.0049620431577438,1.0,19,2026-02
SS-FM G=32,0.0069296568786358925,0.0069296568786358925,0.09591775814134418,0.1703044473718647,0.5378141847236573,0.6609497534592674,0.032832002984850894,2.9214714126823713,0.5263157894736842,0.00036346090284965243,0.7056532783306533,0.0002116959834991421,0.0040222236864837,1.0,19,2026-02
SS-FM,0.003863957473902113,0.003863957473902113,0.05248025026337855,0.11792512619587733,0.4337457457371312,0.7031636649149704,0.024938699063371095,2.104370004627038,0.47368421052631576,0.00020297429286895283,0.7275100172939603,0.00021825300518813688,0.0041468070985746005,1.0,19,2026-02
Black-Litterman,-0.04068436537593767,-0.04068436537593767,-0.3785911418592005,0.18270795514632546,-2.6039699618383407,-3.4448986268024595,0.061830305436466615,-6.123067631425818,0.4090909090909091,-0.0018879604245632473,0.39361928683410574,0.00011808578605019873,0.002597887293104372,1.0,22,2026-03
Maximum Sharpe,-0.04347812757658065,-0.04347812757658065,-0.39900768929171315,0.17306087410696508,-2.942162064757929,-3.998662804315095,0.06261802532451721,-6.372089940937299,0.36363636363636365,-0.0020205283281403185,0.4128903432968764,0.0001238671029890306,0.002725076265758673,1.0,22,2026-03
MVO,-0.046261290433564195,-0.046261290433564195,-0.4187362501294447,0.17511287448434024,-3.098291135170666,-4.036775811924766,0.06534549739801288,-6.408035240423134,0.4090909090909091,-0.0021529788359884315,0.370901519419312,0.00011127045582576594,0.0024479500281668507,1.0,22,2026-03
Kelly,-0.046261290433564195,-0.046261290433564195,-0.4187362501294447,0.17511287448434024,-3.098291135170666,-4.036775811924766,0.06534549739801288,-6.408035240423134,0.4090909090909091,-0.0021529788359884315,0.370901519419312,0.00011127045582576594,0.0024479500281668507,1.0,22,2026-03
MLP Policy,-0.055253428405248606,-0.055253428405248606,-0.4785072641295318,0.18860818494048429,-3.451917710479876,-4.509231647529605,0.07305838018555899,-6.549656082083729,0.4090909090909091,-0.002583571166418736,0.3438849503435267,0.00010316548510303448,0.0022696406722667586,1.0,22,2026-03
Equal Weight,-0.05591089580577935,-0.05591089580577935,-0.48264922274535704,0.18942999494654994,-3.479037988368473,-4.531503274589938,0.07351081911980872,-6.565689629423529,0.4090909090909091,-0.002615214875220218,0.3126436781609195,9.379310344825986e-05,0.002063448275861717,1.0,22,2026-03
Risk Parity,-0.05618255045287168,-0.05618255045287168,-0.4843518280966953,0.18584570581340643,-3.5638734861008903,-4.680554604018273,0.07460533111162693,-6.492187902389875,0.4090909090909091,-0.0026282959660877186,0.3272230385406995,9.816691156219249e-05,0.002159672054368235,1.0,22,2026-03
SS-FM + PPO,-0.0623437462359705,-0.0623437462359705,-0.5216202692714078,0.2256281897525167,-3.2679890173760406,-4.5592722722409755,0.08031845636338841,-6.4944010740373015,0.36363636363636365,-0.002925993833816118,0.47035677305241985,0.0001411070319156818,0.003104354702145,1.0,22,2026-03
SS-FM + GRPO,-0.06664212650501855,-0.06664212650501855,-0.5461464961399338,0.2235792678128884,-3.533336607919383,-4.712782110739606,0.0845324228607015,-6.460793121237192,0.36363636363636365,-0.0031348444910122633,0.45736222929127573,0.00013720866878733182,0.0030185907133213003,1.0,22,2026-03
SS-FM G=128,-0.06921522878602737,-0.06921522878602737,-0.5602736035963021,0.3049969120656875,-2.693806197166696,-4.314929163184737,0.09760758023892024,-5.740062423685588,0.5,-0.0032603276660287885,0.6326204018212239,0.0001897861205463136,0.004175294652018899,1.0,22,2026-03
Gaussian Policy,-0.10248820169343786,-0.10248820169343786,-0.7102012881051525,0.2639794062343673,-4.691914083680799,-6.047260814920775,0.12339486757678608,-5.755517243561276,0.3181818181818182,-0.004914955134574296,0.6056528876520452,0.00018169586629556819,0.0039973090585025,1.0,22,2026-03
SS-FM G=16,-0.10539499275464081,-0.10539499275464081,-0.720772100257377,0.2933185103740745,-4.349289051053929,-5.685445253274932,0.12608241619904803,-5.716674235679972,0.3181818181818182,-0.0050624086731802,0.6627611874100533,0.00019882835622297268,0.004374223836905399,1.0,22,2026-03
SS-FM G=8,-0.11200539663165465,-0.11200539663165465,-0.7435139559544595,0.22959839468381815,-5.926352520471799,-7.719697339169303,0.13337850092961856,-5.574466280340026,0.2727272727272727,-0.00539952787710605,0.6551082056664942,0.00019653246169989088,0.0043237141573975995,1.0,22,2026-03
SS-FM G=64,-0.1175362433223166,-0.1175362433223166,-0.7612285388054636,0.27526203492624807,-5.203218141669424,-7.00468272606722,0.14191853527574882,-5.363841568167192,0.3181818181818182,-0.005683525451750382,0.6345007353346882,0.00019035022060034996,0.004187704853207699,1.0,22,2026-03
SS-FM G=32,-0.1183995122553606,-0.1183995122553606,-0.7638904274603017,0.30890181784990756,-4.6728740585945285,-7.12202575272158,0.1357124926904918,-5.628740673140851,0.45454545454545453,-0.005728013060648909,0.6356435735282177,0.0001906930720584091,0.004195247585285,1.0,22,2026-03
Standard FM,-0.12320148563574373,-0.12320148563574373,-0.7782093549064163,0.2906236159476588,-5.182033735490273,-7.120201097086647,0.14194946439363798,-5.482298635156349,0.3181818181818182,-0.005976275326075146,0.6242041834086131,0.00018726125502253183,0.0041197476104957,1.0,22,2026-03
SS-FM,-0.12980181161542415,-0.12980181161542415,-0.7965987399970078,0.30701655332526717,-5.1872597207963675,-6.684565662569635,0.14478919848460248,-5.501782925345233,0.3181818181818182,-0.006319740478896382,0.6083709271783788,0.0001825112781534591,0.0040152481193761,1.0,22,2026-03
Diffusion,-0.19313067797873418,-0.19313067797873418,-0.9144001393012475,0.5628526684008074,-4.367167042435328,-6.842979907627669,0.23744165357126568,-3.8510519344357568,0.4090909090909091,-0.009754252472963439,0.7633968157307394,0.00022901904471917794,0.005038418983821915,1.0,22,2026-03
Gaussian Policy,0.03724462854771704,0.03724462854771704,0.5508662099961994,0.14022866050459715,3.129271993436787,5.641311771152237,0.034229267471895364,16.093426785966113,0.5714285714285714,0.001741323888865838,0.7181114864675842,0.00021543344594023332,0.0045241023647448995,1.0,21,2026-04
SS-FM G=16,0.03593525777802897,0.03593525777802897,0.5275357143512762,0.14167132840708618,2.9904130741987154,9.169066912841982,0.04666947634251484,11.303656173032804,0.5238095238095238,0.001681173780585914,0.7463219039727191,0.00022389657119176192,0.0047018279950270005,1.0,21,2026-04
SS-FM G=128,0.03216546393708719,0.03216546393708719,0.46214984576216955,0.16222228636709043,2.3418967779627624,4.1708970941350385,0.03850869500653975,12.001181698930198,0.6190476190476191,0.001507570832368419,0.751590240219766,0.0002254770720658905,0.004735018513383701,1.0,21,2026-04
Standard FM,0.024312245981745972,0.024312245981745972,0.3340999826989439,0.14307496859114818,2.0147262450779353,3.9737034059883745,0.032315171383192176,10.338796558966003,0.5238095238095238,0.0011438765644217759,0.7106759140999603,0.00021320277422993812,0.0044772582588287,1.0,21,2026-04
Risk Parity,0.02412749050803442,0.02412749050803442,0.3312152619181892,0.12466063257281294,2.294968747525622,4.967234631602277,0.03021555190990377,10.961747874266912,0.47619047619047616,0.001135286729370557,0.44874738501005823,0.00013462421550297543,0.002827108525562484,1.0,21,2026-04
SS-FM + GRPO,0.02351183875746532,0.02351183875746532,0.3216438673508224,0.11566639478083493,2.41104009829473,5.949347228496868,0.027373838528205297,11.75004619901622,0.47619047619047616,0.0011066520469911955,0.5677665134022997,0.00017032995402064286,0.0035769290344335,1.0,21,2026-04
Black-Litterman,0.023187932085027896,0.023187932085027896,0.3166335303497918,0.12654717568220372,2.173719971404882,4.74132026987358,0.0337661684995918,9.377241908676124,0.5238095238095238,0.0010915798535924145,0.4857105710931669,0.0001457131713279021,0.0030599765978859437,1.0,21,2026-04
SS-FM + PPO,0.02298089843637885,0.02298089843637885,0.31344016636258654,0.11740335652041857,2.322333742069155,5.666898160541481,0.03172917035307021,9.878612105981432,0.47619047619047616,0.0010819435566648522,0.5631431287838601,0.00016894293863511426,0.0035478017113373997,1.0,21,2026-04
Equal Weight,0.02283583120264976,0.02283583120264976,0.31120682738089256,0.1278563070426575,2.1191598730825407,4.803039091173056,0.031658548786494656,9.830104010126059,0.47619047619047616,0.0010751902992274618,0.4354214993788064,0.00013062644981359342,0.0027431554460854617,1.0,21,2026-04
MLP Policy,0.022003620542559332,0.022003620542559332,0.29846190314685517,0.1283192144489555,2.0353959746977326,4.86947197374791,0.03325736767470122,8.97430927384834,0.5238095238095238,0.0010364302085943615,0.46682296902428094,0.0001400468907072372,0.0029409847048519813,1.0,21,2026-04
MVO,0.02045937737437331,0.02045937737437331,0.2751129343126415,0.12334170932848475,1.9704182141014839,4.625333147092478,0.03175149099186969,8.664567417734402,0.47619047619047616,0.000964423613568481,0.4839323561119131,0.0001451797068335238,0.003048773843504,1.0,21,2026-04
Kelly,0.02045937737437331,0.02045937737437331,0.2751129343126415,0.12334170932848475,1.9704182141014839,4.625333147092478,0.03175149099186969,8.664567417734402,0.47619047619047616,0.000964423613568481,0.4839323561119131,0.0001451797068335238,0.003048773843504,1.0,21,2026-04
Maximum Sharpe,0.018457317102652526,0.018457317102652526,0.2454147144171719,0.11906732262759141,1.843230985262325,4.176831863877437,0.03175149099186936,7.72923433674392,0.47619047619047616,0.0008709070571404858,0.4910862790802392,0.0001473258837240238,0.0030938435582044998,1.0,21,2026-04
SS-FM G=64,0.00918631429803507,0.00918631429803507,0.11597952946559453,0.16413725561016282,0.6685412194215345,1.1559896822908517,0.03572491899423769,3.246460250457157,0.5238095238095238,0.00043544651197667604,0.7955836340010543,0.00023867509020026185,0.005012176894205499,1.0,21,2026-04
Diffusion,0.00822653137983087,0.00822653137983087,0.10330976001296266,0.1883703460439752,0.521921507340124,0.7423112084836159,0.03403518994569099,3.035380739105942,0.6190476190476191,0.00039013704343433456,0.7765208025809326,0.00023295624077424238,0.00489208105625909,1.0,21,2026-04
SS-FM G=8,-0.000951547435841138,-0.000951547435841138,-0.011358999164133965,0.11429309742408829,-0.09995358942447344,-0.19113481434401258,0.03531618896422417,-0.32163717256244156,0.5238095238095238,-4.5333354499915325e-05,0.741787716175943,0.00022253631485273333,0.0046732626119074,1.0,21,2026-04
SS-FM G=32,-0.00730308102810473,-0.00730308102810473,-0.08420116320835425,0.15396223354839467,-0.5712995121478575,-1.2151032196762763,0.053799705454340874,-1.5650859516287632,0.47619047619047616,-0.0003490418607753665,0.7542760714858345,0.00022628282144569522,0.0047519392503595995,1.0,21,2026-04
SS-FM,-0.015319035990523311,-0.015319035990523311,-0.1691043105902652,0.15681328815831128,-1.1813476928976765,-1.9330401275444866,0.044907061368004375,-3.765650778270465,0.5238095238095238,-0.0007351230800853951,0.7987993872780313,0.00023963981618335236,0.0050324361398504,1.0,21,2026-04
