test_month,phase,seconds,initial_stock_chunk,final_stock_chunk,batch_asofs,gradient_accumulation,oom_retries,train_states,validation_states,test_dates,n_samples,interval_s,util_gpu_mean,util_gpu_max,mem_used_mb_mean,mem_used_mb_max,process_rss_mb_mean,process_rss_mb_max,system_ram_used_mb_max,torch_peak_alloc_mb,torch_peak_reserved_mb,oom_events
2025-06,alpha_training,285.42345118522644,96.0,96.0,1.0,1.0,0.0,0.0,0.0,0.0,0.0,0.0,0.0,0.0,0.0,0.0,0.0,0.0,0.0,0.0,0.0,0.0
2025-06,generative_training,2.4138872623443604,0.0,0.0,0.0,0.0,0.0,0.0,0.0,0.0,0.0,0.0,0.0,0.0,0.0,0.0,0.0,0.0,0.0,0.0,0.0,0.0
2025-06,portfolio_state_generation,143.96027874946594,0.0,0.0,0.0,0.0,0.0,48.0,21.0,0.0,0.0,0.0,0.0,0.0,0.0,0.0,0.0,0.0,0.0,0.0,0.0,0.0
2025-06,rl_training,9.409655809402466,0.0,0.0,0.0,0.0,0.0,0.0,0.0,0.0,0.0,0.0,0.0,0.0,0.0,0.0,0.0,0.0,0.0,0.0,0.0,0.0
2025-06,test_inference,45.85924172401428,0.0,0.0,0.0,0.0,0.0,0.0,0.0,20.0,0.0,0.0,0.0,0.0,0.0,0.0,0.0,0.0,0.0,0.0,0.0,0.0
2025-06,total,492.3185248374939,0.0,0.0,0.0,0.0,0.0,0.0,0.0,0.0,48.0,10.0,5.020833333333333,48.0,5506.541666666667,6432.0,31695.819861333337,35719.839744,12263.714816,1641.001984,6232.735744,0.0
2025-07,alpha_training,293.5019762516022,96.0,96.0,1.0,1.0,0.0,0.0,0.0,0.0,0.0,0.0,0.0,0.0,0.0,0.0,0.0,0.0,0.0,0.0,0.0,0.0
2025-07,generative_training,2.0738046169281006,0.0,0.0,0.0,0.0,0.0,0.0,0.0,0.0,0.0,0.0,0.0,0.0,0.0,0.0,0.0,0.0,0.0,0.0,0.0,0.0
2025-07,portfolio_state_generation,150.30171298980713,0.0,0.0,0.0,0.0,0.0,50.0,20.0,0.0,0.0,0.0,0.0,0.0,0.0,0.0,0.0,0.0,0.0,0.0,0.0,0.0
2025-07,rl_training,9.103269577026367,0.0,0.0,0.0,0.0,0.0,0.0,0.0,0.0,0.0,0.0,0.0,0.0,0.0,0.0,0.0,0.0,0.0,0.0,0.0,0.0
2025-07,test_inference,53.95999073982239,0.0,0.0,0.0,0.0,0.0,0.0,0.0,22.0,0.0,0.0,0.0,0.0,0.0,0.0,0.0,0.0,0.0,0.0,0.0,0.0
2025-07,total,514.7174243927002,0.0,0.0,0.0,0.0,0.0,0.0,0.0,0.0,51.0,10.0,1.9019607843137252,35.0,6618.588235294118,7164.0,35940.07210666666,38423.887872,12239.192064,1671.671808,7000.293376,0.0
2025-08,alpha_training,325.856990814209,96.0,96.0,1.0,1.0,0.0,0.0,0.0,0.0,0.0,0.0,0.0,0.0,0.0,0.0,0.0,0.0,0.0,0.0,0.0,0.0
2025-08,generative_training,2.4043612480163574,0.0,0.0,0.0,0.0,0.0,0.0,0.0,0.0,0.0,0.0,0.0,0.0,0.0,0.0,0.0,0.0,0.0,0.0,0.0,0.0
2025-08,portfolio_state_generation,163.0320599079132,0.0,0.0,0.0,0.0,0.0,50.0,22.0,0.0,0.0,0.0,0.0,0.0,0.0,0.0,0.0,0.0,0.0,0.0,0.0,0.0
2025-08,rl_training,8.745903491973877,0.0,0.0,0.0,0.0,0.0,0.0,0.0,0.0,0.0,0.0,0.0,0.0,0.0,0.0,0.0,0.0,0.0,0.0,0.0,0.0
2025-08,test_inference,46.836095333099365,0.0,0.0,0.0,0.0,0.0,0.0,0.0,21.0,0.0,0.0,0.0,0.0,0.0,0.0,0.0,0.0,0.0,0.0,0.0,0.0
2025-08,total,554.050910949707,0.0,0.0,0.0,0.0,0.0,0.0,0.0,0.0,55.0,10.0,2.909090909090909,35.0,7164.0,7164.0,38237.96075054545,39965.315072,12018.46272,1746.189312,7000.293376,0.0
2025-09,alpha_training,315.6076300144196,96.0,96.0,1.0,1.0,0.0,0.0,0.0,0.0,0.0,0.0,0.0,0.0,0.0,0.0,0.0,0.0,0.0,0.0,0.0,0.0
2025-09,generative_training,2.2055630683898926,0.0,0.0,0.0,0.0,0.0,0.0,0.0,0.0,0.0,0.0,0.0,0.0,0.0,0.0,0.0,0.0,0.0,0.0,0.0,0.0
2025-09,portfolio_state_generation,159.4269757270813,0.0,0.0,0.0,0.0,0.0,50.0,21.0,0.0,0.0,0.0,0.0,0.0,0.0,0.0,0.0,0.0,0.0,0.0,0.0,0.0
2025-09,rl_training,8.822185039520264,0.0,0.0,0.0,0.0,0.0,0.0,0.0,0.0,0.0,0.0,0.0,0.0,0.0,0.0,0.0,0.0,0.0,0.0,0.0,0.0
2025-09,test_inference,40.682711124420166,0.0,0.0,0.0,0.0,0.0,0.0,0.0,21.0,0.0,0.0,0.0,0.0,0.0,0.0,0.0,0.0,0.0,0.0,0.0,0.0
2025-09,total,533.6373510360718,0.0,0.0,0.0,0.0,0.0,0.0,0.0,0.0,53.0,10.0,3.2452830188679247,47.0,7164.0,7164.0,40587.15680845282,42632.421376,12436.471808,1723.979776,7000.293376,0.0
2025-10,alpha_training,299.12304878234863,96.0,96.0,1.0,1.0,0.0,0.0,0.0,0.0,0.0,0.0,0.0,0.0,0.0,0.0,0.0,0.0,0.0,0.0,0.0,0.0
2025-10,generative_training,2.3208696842193604,0.0,0.0,0.0,0.0,0.0,0.0,0.0,0.0,0.0,0.0,0.0,0.0,0.0,0.0,0.0,0.0,0.0,0.0,0.0,0.0
2025-10,portfolio_state_generation,151.2447168827057,0.0,0.0,0.0,0.0,0.0,50.0,21.0,0.0,0.0,0.0,0.0,0.0,0.0,0.0,0.0,0.0,0.0,0.0,0.0,0.0
2025-10,rl_training,9.272259712219238,0.0,0.0,0.0,0.0,0.0,0.0,0.0,0.0,0.0,0.0,0.0,0.0,0.0,0.0,0.0,0.0,0.0,0.0,0.0,0.0
2025-10,test_inference,51.22660994529724,0.0,0.0,0.0,0.0,0.0,0.0,0.0,23.0,0.0,0.0,0.0,0.0,0.0,0.0,0.0,0.0,0.0,0.0,0.0,0.0
2025-10,total,520.5809829235077,0.0,0.0,0.0,0.0,0.0,0.0,0.0,0.0,51.0,10.0,1.4509803921568627,41.0,7164.0,7164.0,42485.92544627451,44203.155456,11660.685312,1641.001984,7000.293376,0.0
2025-11,alpha_training,316.9406304359436,96.0,96.0,1.0,1.0,0.0,0.0,0.0,0.0,0.0,0.0,0.0,0.0,0.0,0.0,0.0,0.0,0.0,0.0,0.0,0.0
2025-11,generative_training,2.273243904113769,0.0,0.0,0.0,0.0,0.0,0.0,0.0,0.0,0.0,0.0,0.0,0.0,0.0,0.0,0.0,0.0,0.0,0.0,0.0,0.0
2025-11,portfolio_state_generation,160.3070433139801,0.0,0.0,0.0,0.0,0.0,50.0,23.0,0.0,0.0,0.0,0.0,0.0,0.0,0.0,0.0,0.0,0.0,0.0,0.0,0.0
2025-11,rl_training,9.099676847457886,0.0,0.0,0.0,0.0,0.0,0.0,0.0,0.0,0.0,0.0,0.0,0.0,0.0,0.0,0.0,0.0,0.0,0.0,0.0,0.0
2025-11,test_inference,53.49391984939575,0.0,0.0,0.0,0.0,0.0,0.0,0.0,19.0,0.0,0.0,0.0,0.0,0.0,0.0,0.0,0.0,0.0,0.0,0.0,0.0
2025-11,total,548.743590593338,0.0,0.0,0.0,0.0,0.0,0.0,0.0,0.0,54.0,10.0,1.8703703703703705,47.0,7164.0,7164.0,44966.164100740745,47204.151296,11861.85216,1641.001984,7000.293376,0.0
2025-12,alpha_training,335.9087038040161,96.0,96.0,1.0,1.0,0.0,0.0,0.0,0.0,0.0,0.0,0.0,0.0,0.0,0.0,0.0,0.0,0.0,0.0,0.0,0.0
2025-12,generative_training,2.309959888458252,0.0,0.0,0.0,0.0,0.0,0.0,0.0,0.0,0.0,0.0,0.0,0.0,0.0,0.0,0.0,0.0,0.0,0.0,0.0,0.0
2025-12,portfolio_state_generation,166.47641849517822,0.0,0.0,0.0,0.0,0.0,50.0,19.0,0.0,0.0,0.0,0.0,0.0,0.0,0.0,0.0,0.0,0.0,0.0,0.0,0.0
2025-12,rl_training,9.06653904914856,0.0,0.0,0.0,0.0,0.0,0.0,0.0,0.0,0.0,0.0,0.0,0.0,0.0,0.0,0.0,0.0,0.0,0.0,0.0,0.0
2025-12,test_inference,52.84354853630066,0.0,0.0,0.0,0.0,0.0,0.0,0.0,22.0,0.0,0.0,0.0,0.0,0.0,0.0,0.0,0.0,0.0,0.0,0.0,0.0
2025-12,total,571.961092710495,0.0,0.0,0.0,0.0,0.0,0.0,0.0,0.0,56.0,10.0,2.0892857142857144,32.0,7164.0,7164.0,46746.748050285714,48854.556672,11966.345216,1723.979776,7000.293376,0.0
2026-01,alpha_training,327.043692111969,96.0,96.0,1.0,1.0,0.0,0.0,0.0,0.0,0.0,0.0,0.0,0.0,0.0,0.0,0.0,0.0,0.0,0.0,0.0,0.0
2026-01,generative_training,2.5962908267974854,0.0,0.0,0.0,0.0,0.0,0.0,0.0,0.0,0.0,0.0,0.0,0.0,0.0,0.0,0.0,0.0,0.0,0.0,0.0,0.0
2026-01,portfolio_state_generation,166.09585309028623,0.0,0.0,0.0,0.0,0.0,50.0,22.0,0.0,0.0,0.0,0.0,0.0,0.0,0.0,0.0,0.0,0.0,0.0,0.0,0.0
2026-01,rl_training,9.168198347091677,0.0,0.0,0.0,0.0,0.0,0.0,0.0,0.0,0.0,0.0,0.0,0.0,0.0,0.0,0.0,0.0,0.0,0.0,0.0,0.0
2026-01,test_inference,45.68848776817322,0.0,0.0,0.0,0.0,0.0,0.0,0.0,20.0,0.0,0.0,0.0,0.0,0.0,0.0,0.0,0.0,0.0,0.0,0.0,0.0
2026-01,total,556.3966615200043,0.0,0.0,0.0,0.0,0.0,0.0,0.0,0.0,55.0,10.0,4.254545454545455,51.0,7164.0,7164.0,48901.99691636364,50626.076672,12343.771136,1723.979776,7000.293376,0.0
2026-02,alpha_training,305.9689118862152,96.0,96.0,1.0,1.0,0.0,0.0,0.0,0.0,0.0,0.0,0.0,0.0,0.0,0.0,0.0,0.0,0.0,0.0,0.0,0.0
2026-02,generative_training,2.703505277633667,0.0,0.0,0.0,0.0,0.0,0.0,0.0,0.0,0.0,0.0,0.0,0.0,0.0,0.0,0.0,0.0,0.0,0.0,0.0,0.0
2026-02,portfolio_state_generation,158.03906083106995,0.0,0.0,0.0,0.0,0.0,50.0,20.0,0.0,0.0,0.0,0.0,0.0,0.0,0.0,0.0,0.0,0.0,0.0,0.0,0.0
2026-02,rl_training,9.339992761611938,0.0,0.0,0.0,0.0,0.0,0.0,0.0,0.0,0.0,0.0,0.0,0.0,0.0,0.0,0.0,0.0,0.0,0.0,0.0,0.0
2026-02,test_inference,56.61814522743225,0.0,0.0,0.0,0.0,0.0,0.0,0.0,19.0,0.0,0.0,0.0,0.0,0.0,0.0,0.0,0.0,0.0,0.0,0.0,0.0
2026-02,total,538.0089643001556,0.0,0.0,0.0,0.0,0.0,0.0,0.0,0.0,53.0,10.0,2.037735849056604,36.0,7164.0,7164.0,51121.52728633962,53446.877184,12373.741568,1649.791488,7000.293376,0.0
2026-03,alpha_training,331.9522747993469,96.0,96.0,1.0,1.0,0.0,0.0,0.0,0.0,0.0,0.0,0.0,0.0,0.0,0.0,0.0,0.0,0.0,0.0,0.0,0.0
2026-03,generative_training,2.141380071640014,0.0,0.0,0.0,0.0,0.0,0.0,0.0,0.0,0.0,0.0,0.0,0.0,0.0,0.0,0.0,0.0,0.0,0.0,0.0,0.0
2026-03,portfolio_state_generation,170.6461682319641,0.0,0.0,0.0,0.0,0.0,50.0,18.0,0.0,0.0,0.0,0.0,0.0,0.0,0.0,0.0,0.0,0.0,0.0,0.0,0.0
2026-03,rl_training,8.43387508392334,0.0,0.0,0.0,0.0,0.0,0.0,0.0,0.0,0.0,0.0,0.0,0.0,0.0,0.0,0.0,0.0,0.0,0.0,0.0,0.0
2026-03,test_inference,66.33908677101135,0.0,0.0,0.0,0.0,0.0,0.0,0.0,22.0,0.0,0.0,0.0,0.0,0.0,0.0,0.0,0.0,0.0,0.0,0.0,0.0
2026-03,total,585.6331887245178,0.0,0.0,0.0,0.0,0.0,0.0,0.0,0.0,58.0,10.0,1.2241379310344829,19.0,7164.0,7164.0,53329.08399227583,55778.676736,12997.656576,1649.791488,7000.293376,0.0
2026-04,alpha_training,356.01617670059204,96.0,96.0,1.0,1.0,0.0,0.0,0.0,0.0,0.0,0.0,0.0,0.0,0.0,0.0,0.0,0.0,0.0,0.0,0.0,0.0
2026-04,generative_training,2.8881075382232666,0.0,0.0,0.0,0.0,0.0,0.0,0.0,0.0,0.0,0.0,0.0,0.0,0.0,0.0,0.0,0.0,0.0,0.0,0.0,0.0
2026-04,portfolio_state_generation,185.0536277294159,0.0,0.0,0.0,0.0,0.0,50.0,22.0,0.0,0.0,0.0,0.0,0.0,0.0,0.0,0.0,0.0,0.0,0.0,0.0,0.0
2026-04,rl_training,9.461727142333984,0.0,0.0,0.0,0.0,0.0,0.0,0.0,0.0,0.0,0.0,0.0,0.0,0.0,0.0,0.0,0.0,0.0,0.0,0.0,0.0
2026-04,test_inference,57.7704508304596,0.0,0.0,0.0,0.0,0.0,0.0,0.0,21.0,0.0,0.0,0.0,0.0,0.0,0.0,0.0,0.0,0.0,0.0,0.0,0.0
2026-04,total,617.0568318367004,0.0,0.0,0.0,0.0,0.0,0.0,0.0,0.0,61.0,10.0,1.6557377049180328,34.0,7164.0,7164.0,55649.453106360656,58040.7296,12871.35232,1879.324672,7000.293376,0.0
